Smiles,He,H2,O2,N2,CO2,CH4
*C*,1.201301191,1.238196072,0.531478917,-0.075720714,1.11058971,-0.103038758
*C*,0.51279213,0.845878826,0.37267541,-0.111719526,1.037426498,0.361121996
*C*,0.80320496,0.693273492,-0.665546249,-1.412269725,-0.130830268,-1.517954097
*C*,0.696046906,0.613918832,-0.327902142,-1.146430257,0.327438823,-1.337536391
*C*,0.247973266,0.794222079,-0.013228266,-0.606160636,0.774200426,-0.306994128
*C*,-0.43062609,-0.420640444,-1.384049948,-2.662225468,-1.283336451,-2.011536824
*C*,0.91145917,1.048755484,-0.101274818,-0.887567704,0.431195317,-1.04848164
*C*,0.267780922,0.052910396,-1.266000713,-2.111748592,-0.804151178,-2.049190492
*C*,0.436162647,0.846337112,0.359835482,-0.153662888,1,0.33243846
*C*,0.348917087,0.043235619,-1.301029996,-2.151356935,-0.920818754,-2.080836372
*C*,1.166171353,1.202073804,0.322219295,-0.263364299,0.974077112,-0.073784648
*C*,0.999081872,1.335671999,0.740362689,0.225344703,1.318723126,0.545486433
*C*,1.523758009,1.973665813,1.729227499,1.288933623,2.424881637,1.702634281
*C*,1.119488852,1.099440161,0.135604573,-0.57142576,0.86421433,-0.525539473
*C*,0.878214089,0.758496027,-0.215267343,-1.158839529,0.306524306,-1.432585306
*C*,2.776912787,3.150356812,2.740362689,2.278965416,3.552560992,2.576952441
*C*,0.560369772,1.118909635,0.698970004,0.162229225,1.176091259,0.520289255
*C*,0.66497281,0.917629136,0.432969291,-0.066006836,1.085699296,0.406652807
*C*,1.49163746,1.613797773,0.571009672,-0.229147988,1.331629718,0.033423755
*C*,1.200589939,1.272742062,0.361727836,-0.24422304,1.204119983,-0.023981805
*C*,1.200589939,1.272742062,0.361727836,-0.24422304,1.204119983,-0.023981805
*C*,0.801986794,1.322022005,-0.007810327,-0.826445822,0.536558443,-0.994365065
*C*,4.250420002,4.565847819,4.857332496,8.230448921,4.645422269,4.544068044
*C*,1.090353447,1.134631534,0.079181246,-0.777976677,0.653212514,-0.802864067
*C*,0.887054378,1.08790681,0.497946806,-0.004740833,1.120573931,0.318407514
*C*,0.643452676,0.852975815,-0.00400444,-0.581398492,0.755874856,-0.28565885
*C*,-0.075720714,0.28495125,-0.79127596,-1.360111968,0.049218023,-1.40619703
*C*,0.428670389,0.477121255,-0.203042708,-0.552841969,0.301029996,-0.568058487
*C*,0.528399617,0.851258349,0.40697727,-0.096910013,1.079181246,0.389950259
*C*,0.05870566,0.907992196,-0.392262876,-0.843387094,-0.441480898,-0.409521881
*C*,0.693217675,0.965383536,0.461609089,-0.011581873,1.101457641,0.461609089
*C*,1.198367654,1.545775889,1.053684859,0.602059991,1.685034226,1.114821602
*C*,2.938596193,3.336445643,2.838849091,2.322219295,3.447158031,2.615487267
*C*,1.954568696,2.229910828,2.041392685,1.51851394,2.633468456,1.872342014
*C*,2.937994815,3.336833629,2.838849091,2.342422681,3.447158031,2.624102116
*C*,1.954568696,2.229910828,2.041392685,1.51851394,2.633468456,1.872342014
*C*,2.436655898,2.673356122,2.322219295,1.819543936,2.86923172,2.202609085
*C*,2.720972887,3.025351166,2.662440575,2.301029996,3.316448676,2.710510066
*C*,1.933914879,2.188497401,2.00841621,1.51851394,2.63961985,1.907532131
*C*,0.503120143,1.087366731,0.672097858,0.146128036,1.176091259,0.517226754
*C*,0.654277125,0.98547917,0.51851394,0.041392685,1.079181246,0.434613467
*C*,0.722633923,0.966141733,0.459392488,-0.030584088,1.120573931,0.447408698
*C*,0.235528447,0.465382851,-0.151810883,-0.688246139,0.530199698,-0.651519874
*C*,0.104763579,0.993083361,0.646616029,0.159863794,1.126194618,0.661670736
*C*,1.97510999,2.19608782,1.763127969,1.288204497,2.308673886,1.703635238
*C*,1.968949681,2.185779472,1.742041316,1.269979677,2.287530018,1.667919685
*C*,1.943395577,2.274409125,1.970985994,2.161278139,2.54066941,1.571009672
*C*,0.807656725,0.741945612,-0.647217955,-1.355822913,-0.022276395,-1.467949494
*C*,0.415812297,1,0.62324929,0.146128036,1.083908176,0.511883361
*C*,1.138013726,1.172461727,0.322508728,-0.177178355,0.872039668,-0.035025124
*C*,0.981556753,1.421435134,0.839854985,0.341335585,1.446070936,0.536123781
*C*,0.814449339,0.883048119,0.042929733,-0.47820835,0.629001619,-0.263106716
*C*,0.877858618,0.767267761,-0.181843588,-1.161562247,0.31259854,-1.435261369
*C*,0.704983195,0.960578901,0.441405702,-0.030138903,1.106990521,0.43527417
*C*,0.878367868,0.925673627,0.113943352,-0.366531544,0.735596679,-0.142965442
*C*,0.691285489,0.964706371,0.464329232,-0.019907946,1.101575246,0.450643252
*C*,0.882617819,0.944898953,0.079181246,-0.568636236,0.630427875,-0.42810493
*C*,0.176091259,0.881009514,-0.268411235,-0.853871964,0.285557309,-0.719202567
*C*,-0.303643611,-0.08159428,-1.008773924,-2.140408132,-0.42945706,-1.970239811
*C*,0.688721119,0.957205742,0.477121255,-0.045757491,1.104623637,0.446228214
*CC(*)C,0.948901761,0.902546779,0,-0.675717545,0.769377326,-0.361510743
*CC(*)C,1.036949962,1.069288407,0.193124598,-0.539995627,0.87569419,-0.467165912
*CC(*)C,0.614238766,0.688143328,-0.142667504,-0.593348275,0.525044807,-0.496805474
*CC(*)C,0.91077142,1.232943373,-0.031517051,-0.831833083,0.499188913,-0.993167928
*CC(*)C,0.739319737,0.877945652,0.012837225,-0.580736958,0.728352906,-0.33746567
*CC(*)C,0.903144599,0.728787236,-0.446116973,-1.296517205,0.105617526,-1.438738685
*CC(*)C,0.502306193,0.526252834,-0.549750892,-1.301284727,0.176091259,-1.351780891
*CC(*)C,0.824458066,0.696788204,-0.343901798,-1.223213356,0.29433335,-1.403903713
*CC(*)C,0.886440401,0.770438499,-0.227678293,-1.155367446,0.349394739,-1.432185458
*CC(*)C,0.803756591,0.686801068,-0.312471039,-1.19969933,0.338319519,-1.408772867
*CC(*)C,0.887087917,0.771273789,-0.214670165,-1.164774128,0.30695017,-1.422794101
*CC(*)C,0.800346105,0.867149113,0.045322979,-0.570255392,0.744470305,-0.326036937
*CC(*)C,0.801505536,1.323498546,-0.008773924,-0.827950457,0.534845228,-1.005663881
*CC(*)C,0.80854967,1.331082097,0,-0.815284073,0.544068044,-0.985086674
*CC(*)C,0.80854967,1.331082097,0,-0.815284073,0.544068044,-0.985086674
*CC(*)C,1.875061263,1.891293178,0.833784375,0.017703637,1.505149978,-0.349334675
*CC(*)C,1.451779422,1.597386864,0.567896437,-0.222498379,1.342422681,0.025521931
*CC(*)C,0.833784375,0.959041392,-0.199191054,-0.455931956,-0.906578315,-0.503819366
*CC(*)C,0.942008053,1.224574754,-0.039558569,-0.844305839,0.478566496,-0.992916964
*CC(*)C,2.443442063,2.711515945,2.359835482,1.643452676,2.963787827,1.995274748
*CC(*)C,1.944482672,2.233394551,2.000537332,1.643452676,2.740362689,2.079181246
*CC(*)C,1.079181246,0.983590207,0.230448921,-0.37675071,0.770852012,-0.126157257
*CC(*)C,0.716003344,0.916547998,-0.004364805,-0.638272164,0.361727836,-0.618679162
*CC(*)C,0.722633923,0.776701184,-0.056011125,-0.732828272,0.462397998,-0.797661665
*CC(*)C,1.153235419,1.209757321,0.354300562,-0.242679903,0.86421433,-0.070224414
*CC(*)C,1.082893033,1.071480104,0.2999429,-0.319845858,0.795949499,-0.053260784
*CC(*)C,1.015946244,0.966182321,0.237794993,-0.384786665,0.736635498,-0.096675884
*CC(*)C,1.068334313,1.15354606,0.379124146,-0.177178355,1.042425896,0.079381817
*CC(*)C,1.123454326,1.167748519,0.301029996,-0.30980392,0.911748837,-0.071631261
*CC(*)C,1.579783597,1.612783857,0.53257892,-0.280543065,1.314255297,0.018911648
*CC(*)C,0.919078092,1.146128036,0.643452676,0.079181246,1.575187845,0.230448921
*CC(*)C,1.12520621,1.086437508,0.160579093,-0.561249143,0.828015064,-0.537630473
*CC(*)CCCC,4.250420002,4.565847819,4.857332496,4.431363764,4.645422269,4.544068044
*CC(*)CC(C)C,1.899078417,2.127104798,1.531478917,0.973127854,2.443089139,1.230448921
*CC(*)CC(C)C,2.145499416,2.315970345,1.342422681,1.041392685,2.146736607,1.180190587
*CC(*)CC(C)C,2.081310553,2.252853031,1.397940009,0.785329835,1.899451268,0.973127854
*CC(*)CC(C)C,2.235027059,2.309444924,1.643452676,1.041392685,2.267267851,1.176091259
*CC(*)CC(C)C,2.141080916,2.285557309,1.380211242,0.806179974,1.904444984,0.982271233
*CC(*)CC(C)C,2.012837225,2.133538908,1.525044807,1.096910013,1.966610987,1.177713322
*CC(*)CC(C)C,1.989004616,2.252853031,1.460897843,0.937016107,2.10720997,1.137903449
*CC(*)CC(C)C,2.003907638,2.196734802,1.374458913,0.973221625,2.192591586,1.227180191
*CC(*)(C)C,0.909020854,0.812913357,0.070258062,-0.522878745,0.740362689,-0.2620995
*CC(*)(C)C,2.383991244,2.645800435,2.113943352,1.491361694,2.716003344,1.773516283
*CC(*)(C)C,1.198367654,1.198367654,0.534159756,0.01128101,1.119186408,-0.140450903
*CC(*)(C)C,0.925366382,1.354714855,0.724491454,0.222990129,1.274522445,0.624336386
*CC(*)(C)C,0.805092878,0.714916248,-0.194907122,-0.635599111,0.667919685,-0.194907122
*CC(*)(C)C,1.926685925,2.002083476,0.95169532,0.233317453,1.67505225,0.012549931
*/C=C/CC*,1.5132176,1.980315452,1.725911632,1.283301229,2.422940821,1.700617089
*/C=C/CC*,2.402648324,2.69422376,2.176941944,1.721246399,3.008569092,1.976304528
*C=CCC*,1.944482672,2.233394551,2.000537332,1.643452676,2.740362689,2.079181246
*C=CCC*,1.64158091,2.005677133,1.675488908,1.28055441,2.420216403,1.67951269
*C=CCC*,1.710995513,1.940020158,1.563184335,1.118608586,2.466274322,1.385580768
*C=CCC*,1.66199884,1.792465404,1.349635329,0.974783231,2.257643842,1.413199701
*C=CC1CCC(*)C1,0.962670396,1.322219295,0.447158031,0.176091259,1.187520721,0.397940009
*CC(*)c1ccccc1,0.57285418,0.868566835,0.419955748,-0.103473783,1.021189299,0.374279384
*CC(*)c1ccccc1,0.694598188,0.96189076,0.464693135,-0.02773566,1.100370545,0.445929602
*CC(*)c1ccccc1,1.175171999,1.275964931,0.346568112,-0.293737722,1.14663202,-0.046417388
*CC(*)c1ccccc1,1.301029996,1.4264285,0.446320422,-0.132170441,1.113943352,-0.096910013
*CC(*)c1ccccc1,1.195378625,1.269979677,0.61260639,-0.010493764,1.185363901,-0.077641886
*CC(*)c1ccccc1,0.895518878,0.956360554,0.0785847,-0.57322693,0.61843263,-0.460831798
*CC(*)c1ccccc1,1.610660163,1.766450316,0.873320602,0.414973348,1.367355921,0.431363764
*CC(*)c1ccccc1,2.437037784,2.69564582,2.041392685,1.462397998,2.944482672,1.766912643
*CC(*)c1ccccc1,1.301029996,1.367355921,0.376576957,-0.2069084,1.021189299,-0.081119382
*CC(*)c1ccccc1,1.042004622,1.039411299,0.176091259,-0.522878745,0.903089987,-0.444325265
*CC(*)c1ccccc1,0.842963105,0.884500296,0.120573931,-0.565998651,0.763427994,-0.330214836
*CC(*)c1ccccc1,0.885516227,1.224217296,-0.046812503,-0.834419924,0.462397998,-1.015082873
*CC(*)c1ccccc1,0.502306193,0.526252834,-0.549750892,-1.301284727,0.176091259,-1.351780891
*CC(*)c1ccccc1,0.83213371,0.743683711,-0.614221673,-1.34946438,0,-1.459184311
*CC(*)c1ccccc1,1.302933313,1.404639248,0.397940009,-0.206069675,1.047155448,-0.071782402
*CC(*)c1ccccc1,0.842706065,0.880475662,0.042929733,-0.533725678,0.943395577,-0.268145938
*CC(*)c1ccccc1,1.302933313,1.404639248,0.397940009,-0.206069675,1.047155448,-0.071782402
*CC(*)O,-1.281498311,-2.107905397,-2.709965389,-3.194049948,-2.294939934,-1.896144811
*CC(*)O,-3,-1.146366385,-3.613889274,-4.722209258,-3,-1.867696671
*CC(*)O,1.673824461,1.836722031,1.170261715,0.637081868,1.982097539,0.97567479
*CC(*)O,2.064957598,2.223445588,1.593286067,1.035698182,2.26807579,1.214231843
*CC(*)O,1.5132176,1.980315452,1.725911632,1.283301229,2.422940821,1.700617089
*CC(*)O,1.728135089,2.047714479,1.847572659,1.47371092,2.57194959,1.917227059
*CC(*)O,1.772085116,2.061008117,1.897627091,1.482817407,2.610997184,1.955152087
*CC(*)O,1.575637797,1.982797027,1.733197265,1.289545539,2.396885256,1.705499752
*CC(*)O,1.562626148,2.062996146,1.790988475,1.395416132,2.468613247,1.902654741
*CC(*)O,1.798372879,2.064071579,1.88536122,1.48025996,2.612914959,1.957170347
*CC(*)O,0.672798523,1.579872967,1,0.506974862,1.762672131,0.846246259
*CC(*)O,1.045673558,1.058758218,0.209515015,-0.544510002,0.866305776,-0.435982121
*CC(*)O,-3.15490196,-1.146366385,-5.977723605,-5.698970004,-4.508638306,-1.867696671
*CC(*)C(C)=O,0.602059991,0.810128193,-0.06643681,-0.596757138,0.835671974,-0.319558413
*CC(*)C#N,-2.271491909,-1.181978984,-3.552841969,-3.795880017,-2.744727495,-1.867696671
*CC(*)C#N,-1.106853189,-1.407785453,-2.307946635,-3.051200102,-1.9920895,-1.909813708
*CC(*)C#N,-3.097588235,-1.146366385,-3.834755674,-5.044913335,-3.222935845,-1.867696671
*CC(*)C#N,-2.777988139,-1.146366385,-3.704722333,-4.407930068,-2.920819623,-1.867696671
*CC(*)(C)C#N,-2.046212828,-1.276945916,-3.043639446,-3.799093977,-2.620875854,-1.867696671
*CC(*)OC,1.301029996,1.399051163,0.435474977,-0.156073052,1.085520703,-0.074808366
*CC(*)OC(C)=O,0.782191939,0.871599455,0.03233666,-0.575598976,0.738495649,-0.331225862
*CC(*)OC(C)=O,1.033423755,1.033195635,0.079181246,-0.698970004,0.662757832,-0.744727495
*CC(*)OC(C)=O,0.438463135,0.516081343,-0.568636236,-1.312807537,0.111772694,-1.401105167
*CC(*)OC(C)=O,0.903105219,0.725318261,-0.449449828,-1.290717233,0.102156355,-1.438738685
*CC(*)OC(=O)c1ccccc1,1.069924119,1.047349759,0.148890577,-0.589127604,0.800717078,-0.536840792
*CC(*)OC(=O)C1CCCCC1,1.121195551,1.097596592,0.125024981,-0.569883246,0.916980047,-0.516651592
*CC(*)OC(=O)c1ccc(C(C)C)cc1,1.391232678,1.559601106,0.579783597,-0.197399513,1.346352974,0.025918132
*CC(*)OC(=O)c1ccc(C)cc1,1.12520621,1.086437508,0.160579093,-0.561249143,0.828015064,-0.537630473
*C(C)=C(*)[Si](C)(C)C,3.812913357,4.209515015,4,3.826074803,4.519827994,4.204119983
*C(C)=C(*)[Si](C)(C)C,3.69611693,4.040659051,3.843855423,3.607455023,4.255272505,3.62324929
*C(C)=C(*)[Si](C)(C)C,3.548026708,3.874893824,3.602059991,3.397940009,4.109657275,3.783060326
*C(C)=C(*)[Si](C)(C)C,3.666603553,4.040479735,3.792305403,3.662757832,4.311172026,4.02049986
*C(C)=C(*)[Si](C)(C)C,3.720159303,4.1430148,3.894869657,3.741151599,4.44870632,4.161368002
*C(C)=C(*)[Si](C)(C)C,3.758465725,4.20034054,3.894869657,3.456417283,4.588758618,3.725464678
*C(C)=C(*)[Si](C)(C)C,3.491841671,3.951315673,3.574031268,3.055978797,4.329957545,3.312686125
*C(C)=C(*)[Si](C)(C)C,3.035031824,3.401649518,3.113943352,2.858420175,3.648390651,3.184964526
*C(C)=C(*)[Si](C)(C)C,3.198657087,3.626340367,3.139879086,2.567026366,3.86569606,2.6599162
*C(C)=C(*)[Si](C)(C)C,2.922301742,3.280592674,3.004321374,2.714766386,3.637086424,3.138691798
*C(C)=C(*)[Si](C)(C)C,4.250420002,4.565847819,4.857332496,4.447158031,4.645422269,4.544068044
*C(C)=C(*)[Si](C)(C)C,3.701822423,4.05916298,3.857332496,3.62324929,4.303101355,3.751002867
*C(C)=C(*)[Si](C)(C)C,3.767654225,4.186735051,3.919078092,3.69019608,4.547003888,3.99831665
*C(C)=C(*)[Si](C)(C)C,3.588684336,3.971279737,3.785329835,3.531478917,4.254781323,3.986438927
*C(C)=C(*)[Si](C)(C)C,3.613166423,3.988535216,3.799340549,3.568201724,4.252841004,3.957815995
*C(C)=C(*)[Si](C)(C)C,3.612783857,3.838849091,3.602059991,3.301029996,4.255272505,3.62324929
*C(C)=C(*)[Si](C)(C)CC,2.919078092,3.285557309,2.986771734,2.69019608,3.662757832,3.079181246
*C(C)=C(*)[Si](C)(C)CC,2.729489188,3.032642558,2.698970004,2.342422681,3.405666206,2.745918352
*C(C)=C(*)[Si](C)(C)CCC,2.176091259,2.397940009,1.84509804,1.322219295,2.361727836,1.643452676
*C(C)=C(*)[Si](C)(C)CCC,1.944687292,2.218192165,2,1.556302501,2.638614147,1.920318544
*C(C)=C(*)[Si](C)(C)CCCC,1.792391689,1.812913357,1.462397998,0.903089987,2,1.230448921
*C(C)=C(*)[Si](C)(C)CCCCCCCC,1.568201724,1.672097858,1.361727836,1.278753601,2,1.113943352
*C(C)=C(*)[Si](C)(C)C(C)C,2.832508913,3.217483944,2.662757832,2.230448921,3.342422681,2.556302501
*C(C)=C(*)[Si](C)(C)c1ccccc1,0.919078092,1.146128036,0.643452676,0.079181246,1.575187845,0.230448921
*C(C)=C(*)c1ccc([Si](C)(C)C)cc1,2.431363764,2.707570176,2.380211242,2,2.977723605,2.301029996
*CC(*)N1CCCC1=O,-0.144459125,-0.360254416,-1.7000571,-2.525179485,-1.037882536,-2.042908417
*CC(*)C(=O)OC,1.093421685,1.025305865,0.025305865,-0.619788758,0.981365509,-0.537602002
*CC(*)C(=O)OCC,1.643452676,1.781036939,1.278753601,0.810232518,2.245512668,1.173186268
*CC(*)C(=O)OCCCCCCCCCCCCCC,1.723455672,1.983175072,1.756636108,1.344392274,2.472756449,1.813580989
*CC(*)C(=O)OCCCCCCCCCCCCCCCCCC,1.837588438,2.053078443,1.875061263,1.463892989,2.631443769,1.958085849
*CC(*)C(=O)OCCCCCCCCCCCCCCCCCCCCCC,1.866287339,2.164352856,1.882524538,1.556302501,2.606381365,1.970346876
*CC(*)(C)C(=O)OC,0.912671854,0.733550581,-0.41225537,-1.294525979,0.130245921,-1.438222638
*CC(*)(C)C(=O)OC,0.86923172,0.556302501,-1.096910013,-1.958607315,-0.468521083,-2.244125144
*CC(*)(C)C(=O)OC,0.922455263,1.049875,-0.090979146,-0.885435169,0.453989221,-1.037802016
*CC(*)(C)C(=O)OC,0.879270542,1.248188511,-0.021819483,-0.832014958,0.528692323,-0.981555092
*CC(*)(C)C(=O)OC,0.238292548,0.090746263,-0.93930216,-1.771156015,-0.561824158,-1.844376868
*CC(*)(C)C(=O)OC,0.139283706,-0.082341167,-1,-1.690591083,-0.344669442,-1.748097004
*CC(*)(C)C(=O)OC,0.875061263,0.602059991,-0.075720714,-1.950781977,-0.48148606,-2.229147988
*CC(*)(C)C(=O)OC,0.875061263,0.602059991,-0.075720714,-1.950781977,-0.48148606,-2.229147988
*CC(*)(C)C(=O)OCC,0.88311749,0.896764755,0.06069784,-0.657577319,0.698970004,-0.368668861
*CC(*)(C)C(=O)OCCO,1.728526695,1.91718968,0.558708571,-0.257307737,1.257255899,-0.132300243
*CC(*)(C)C(=O)OCCO,0.996804708,1.196099007,0.644438589,0.057649165,1.456056789,0.24821739
*CC(*)(C)C(=O)OCCO,1.18716138,1.313863225,0.691081492,-0.006699157,1.290575288,-0.017689942
*CC(*)(C)C(=O)OCCO,1.875061263,1.891293178,0.833784375,0.017703637,1.505149978,-0.349334675
*CC(*)(C)C(=O)OCCO,1.882609217,1.914217707,0.859738566,0.097988398,1.522042416,-0.23513733
*CC(*)C(=O)OCCCCCCCCCC,1.755874856,1.967079734,1.677606953,1.278753601,2.416640507,1.679427897
*CC(*)F,0.113943352,-0.568636236,-1.397940009,-2.045757491,-1.014547889,-2
*CC(*)Cl,0.166662886,-0.081608714,-1.343901798,-1.928117993,-0.804100348,-1.99793154
*CC(*)Cl,0.515175049,0.51851394,-0.853871964,-1.366531544,-0.155593843,-1.550908627
*CC(*)Cl,0.515175049,0.51851394,-0.853871964,-1.366531544,-0.155593843,-1.550908627
*CC(*)Cl,0.515175049,0.51851394,-0.853871964,-1.366531544,-0.155593843,-1.550908627
*CC(*)Cl,0.515175049,0.51851394,-0.853871964,-1.366531544,-0.155593843,-1.550908627
*CC(*)Cl,0.479260531,0.470395718,-0.811017279,-1.48148606,-0.191840036,-1.591446891
*CC(*)Cl,0.219762078,0.024820278,-1.096910013,-1.855930738,-0.552841969,-1.930776812
*CC(*)Cl,0.348917087,0.043235619,-1.301029996,-2.151356935,-0.920818754,-2.080836372
*CC(*)Cl,0.451786436,0.380211242,-0.833995181,-1.397940009,-0.37675071,-1.600947492
*CC(*)Cl,1.151144207,1.567511606,1.079181246,0.602059991,2,1.037412469
*CC(*)Cl,0.62324929,0.715777244,-0.508638306,-0.958607315,0.176091259,-1.014762252
*CC(*)Cl,0.100370545,-0.163263582,-1.456915786,-2.183995396,-0.804100348,-2.054406981
*CC(*)Cl,0.07624158,0.207141616,-0.92190585,-1.399027104,-0.001087096,-1.488996229
*CC(*)Cl,0.167981845,0.01564546,-1.324511092,-2.197007703,-0.7000571,-2.092618287
*CC(*)(F)F,0.235528447,-0.269217724,-1.083019953,-1.651695137,-0.313286979,-1.698970004
*CC(*)(F)F,0.281033367,0.217080655,-0.876148359,-1.500925013,-0.222935845,-1.605548319
*CC(*)(F)F,0.227886705,0.063110182,-1.065501549,-1.886056648,-0.532079772,-1.943095149
*CC(*)(F)F,0.222716471,0.022059999,-1.075887339,-1.856588558,-0.552647015,-1.928117993
*CC(*)(F)F,0.235528447,0.035005799,-1.029156714,-1.844641739,-0.55217856,-1.899629455
*CC(*)(F)F,0.1430148,-0.016894593,-1.069684098,-1.75733882,-0.624251179,-1.818156412
*CC(*)(F)F,0.158362492,-0.082178267,-0.984296973,-1.68384909,-0.340454562,-1.73754891
*CC(*)(F)F,0.100370545,-0.166901111,-1.457064977,-2.184023658,-0.798226972,-2.055517328
*CC(*)(F)F,0.477121255,0.533724519,-0.585026652,-1.301029996,0.041392685,-1.443697499
*CC(*)(F)F,0.027440279,-0.223851306,-1.625541087,-2.189207317,-1.102545839,-2.034142331
*CC(*)(Cl)Cl,0.678644622,0.676088752,-0.27572413,-1.026872146,0.462397998,-1.206893432
*CC(*)(Cl)Cl,0.812905577,1.314831804,-0.007446482,-0.823908741,0.546724246,-0.970839445
*CC(*)(Cl)Cl,-2.314476186,-0.9150878,-3.795880017,-4.301029996,-2.214670165,-1.867696671
*CC(*)(Cl)Cl,-0.928620095,-1.313234493,-2.105296347,-2.956658261,-1.941649908,-1.966154816
*CC(*)(Cl)Cl,-0.84166466,-0.772426373,-2.274088368,-3.02489001,-1.533725678,-1.966154816
*CC(*)(Cl)Cl,-1.241826826,-1.71524229,-2.519085756,-3.162415366,-2.13462603,-1.896144811
*CC(*)(Cl)Cl,-2.284940524,-1.146366385,-3.327902142,-3.995354318,-2.627569551,-1.867696671
*C(*)(F)F,1.078576432,0.983590207,0.23205587,-0.377540732,0.768449488,-0.125639964
*C(*)(F)F,1.195899652,1.130779429,-0.051062591,-0.844616029,0.673020907,-0.817801868
*C(*)(F)F,1.212830437,1.301029996,0.602394321,-0.055517328,1.228692053,-0.089610147
*C(*)(F)F,0.382073872,0.991226076,0.62324929,0.146128036,1.068185862,0.52546963
*C(*)(F)F,1.077611333,0.983590207,0.231728159,-0.377460373,0.769432469,-0.126412043
*C(*)(F)F,1.699524518,1.846674585,1.191135156,0.55787083,1.952557521,0.710117365
*C(*)(F)F,0.003893448,-0.173925197,-1.537602002,-2.17554814,-1.266053281,-2.032395294
*C(*)(F)F,-0.392006942,-0.496528579,-1.907031338,-2.676412931,-1.457938807,-2.009937373
*C(*)(F)F,-0.392006942,-0.496528579,-1.907031338,-2.676412931,-1.457938807,-2.009937373
*C(*)(F)F,-1.293911008,-2.096034531,-2.730020323,-3.200135275,-2.318759631,-1.896144811
*C(*)(F)F,-2.777988139,-1.146366385,-3.704722333,-4.407930068,-2.920819623,-1.867696671
*C(F)(F)C(*)(F)Cl,0.833784375,-0.026872146,-1.260285673,-2.301029996,-0.906578315,-2.155484362
*C(F)(F)C(*)(F)Cl,2.042753713,2.219844836,1.4026988,0.934498451,1.763427994,1.019787463
*C(F)(F)C(*)(F)Cl,1.990494362,2.226599625,1.758911892,1.255272505,2.161368002,1.539334849
*C(F)(F)C(*)(F)Cl,0.81206532,0.894469323,0.042813074,-0.455931956,0.577987688,-0.302078551
*C(F)(F)C(*)(F)Cl,0.232868286,0.087077477,-0.958607315,-1.795880017,-0.574537977,-1.858154712
*C(F)(F)C(*)(F)Cl,0.153281145,-0.046028095,-1.037299268,-1.7000571,-0.677491272,-1.806231132
*C(F)(F)C(*)(F)Cl,0.008371146,-0.314525887,-1.60199051,-2.043639446,-1.319845858,-2.009619314
*C(F)(F)C(*)(F)Cl,-0.274088368,-0.417563448,-1.734685557,-2.60291971,-1.27572413,-2.013268412
*CCC=C(*)Cl,1.016690463,1.210222336,0.602059991,0.079181246,1.411619706,0.260164376
*CCC=C(*)Cl,0.729974286,0.86998286,0.025375806,-0.559625572,0.742725131,-0.305473741
*CCC=C(*)Cl,1.297641201,1.431021546,0.477121255,-0.096910013,1.230448921,-0.099786755
*CCC=C(*)Cl,0.528399617,0.851258349,0.40654018,-0.096910013,1.079181246,0.389950259
*CCC=C(*)Cl,1.260274613,1.574031268,1.123507782,0.669414761,1.871234856,1.110412483
*CC/C=C(/*)C,2.495763365,2.660765652,2.001141379,1.951056182,2.859549097,2.059557842
*CC/C=C(/*)C,2.441405702,2.591942857,1.90593783,1.897337658,2.802233446,2.033861942
*CC/C=C(/*)C,2.376864983,2.550550172,1.830993637,1.866598216,2.721246399,1.955591419
*CC/C=C(/*)C,2.006100438,2.197850307,1.367355921,0.974511693,2.184691431,1.222850926
*CC/C=C(/*)C,2.029036335,2.22214598,1.380211242,0.908485019,2.045943026,1.135081549
*CC/C=C(/*)C,1.489111724,1.672097858,1.162788621,0.692846919,2.012837225,1.049301198
*CC/C=C(/*)C,1.687670583,1.800521482,1.36960641,0.976518904,2.187372269,1.480914244
*CC/C=C(/*)C,1.493934754,2.077272256,1.791284266,1.406988138,2.463578681,1.925366382
*CO*,0.872921227,0.699171908,-0.381750146,-1.256663581,0.255272505,-1.3788678
*CO*,0.231773654,0.040790449,-1.04830468,-1.851210016,-0.554035299,-1.914465568
*CC(C)O*,0.635765216,0.580924976,-0.881815403,-1.829148045,-1.091514981,-2.022758062
*CC(C)O*,0.168229389,0.985875357,-0.42799886,-0.942462135,-0.060480747,-0.767121318
*CC(C)O*,0.789083199,1.397940009,0.009635766,-0.805316921,0.591064607,-0.963286368
*CC(C)O*,1.317955532,1.583198774,0.423924126,-0.223660495,1.008600172,-0.093566109
*CC(C)O*,1.613239758,1.769377326,0.52424495,-0.257581934,1.225309282,-0.103519462
*CC(C)O*,0.777119079,0.706717782,-0.656720467,-1.478263973,-0.37675071,-1.541407657
*CC(C)O*,0.137713025,1.045322979,-0.418633356,-0.969485354,-0.008773924,-0.827403156
*CC(C)O*,-0.000961881,1.217483944,-0.349832367,-0.960225649,0.195899652,-0.815874236
*CC(CCl)O*,0.740362689,0.949390007,0.021189299,-0.356547324,0.722520945,-0.176887911
*Oc1ccc(*)cc1,2.041392685,2.153183224,1.382252304,0.525044807,1.716837723,0.530199698
*Oc1ccc(*)cc1,1.681226203,1.833440022,1.198657087,0.580924976,1.87909588,0.859348775
*Oc1ccc(*)cc1,1.883661435,2.053078443,1.250420002,0.499687083,1.87909588,0.528306627
*Oc1c(C)cc(*)cc1C,1.77815125,1.930179617,1.068185862,0.278731109,1.698970004,0.263539398
*Oc1c(C)cc(*)cc1C,1.720457143,1.903089987,1.079181246,0.414973348,1.431363764,0.431363764
*Oc1c(C)cc(*)cc1C,2.021189299,2.113420383,1.225309282,0.580924976,1.785329835,0.633468456
*Oc1c(-c2ccccc2)cc(*)cc1-c1ccccc1,1.287869165,1.447158031,0.633468456,-0.055517328,1.505149978,-0.017728767
*CCOCCOC(=O)c1cccc(C(=O)O*)c1,0.04906084,-0.250251957,-1.655959333,-2.267877227,-0.982529176,-2.047349803
*CCOC(=O)c1ccc(O*)cc1,-3.029014509,-1.146366385,-3.497750458,-5.040457788,-3.169430577,-1.867696671
*Oc1ccc(S(=O)(=O)c2ccc(Oc3ccc(C(C)(C)c4ccc(*)cc4)cc3)cc2)cc1,1.190331698,1.167866618,0.257678575,-0.48148606,0.958093024,-0.304771388
*Oc1ccc(S(=O)(=O)c2ccc(Oc3ccc(C(C)(C)c4ccc(*)cc4)cc3)cc2)cc1,1.149219113,1.138448172,-0.013228266,-0.850780887,0.663332542,-0.818018317
*Oc1ccc(S(=O)(=O)c2ccc(Oc3ccc(C(C)(C)c4ccc(*)cc4)cc3)cc2)cc1,0.982271233,1.240251155,-0.003964684,-0.815774473,0.579783597,-0.899850354
*Oc1ccc(S(=O)(=O)c2ccc(Oc3ccc(C(C)(C)c4ccc(*)cc4)cc3)cc2)cc1,1.113943352,1.063577722,0.146128036,-0.602059991,0.748188027,-0.536937561
*Oc1ccc(S(=O)(=O)c2ccc(Oc3ccc(C(C)(C)c4ccc(*)cc4)cc3)cc2)cc1,1.033423755,1.033195635,0.079181246,-0.698970004,0.662757832,-0.744727495
*CC(O)COc1ccc(C(C)(C)c2ccc(O*)cc2)cc1,0.000215237,-0.204626236,-1.509091329,-2.16038655,-1.318759631,-2.029619428
*CC(O)COc1ccc(C(C)(C)c2ccc(O*)cc2)cc1,0.000215237,-0.204626236,-1.509091329,-2.16038655,-1.318759631,-2.029619428
*CC(O)COc1ccc(Cc2ccc(O*)cc2)cc1,0.040633957,-0.228268221,-1.606001342,-2.210022008,-1.049436299,-2.045913386
*CC(O)COc1ccc(S(=O)(=O)c2ccc(O*)cc2)cc1,-0.392006942,-0.496528579,-1.907031338,-2.676412931,-1.457938807,-2.009937373
*CC(O)COc1ccc(S(=O)(=O)c2ccc(O*)cc2)cc1,-0.915503066,-1.336148342,-1.920819623,-2.91548038,-2.056196521,-1.966154816
*CC1CC(*)OCO1,0.113943352,-0.274753805,-1.414776173,-2.005775667,-0.795880017,-2.004207907
*CC1CC(*)OC(C)O1,0.397940009,0.305631291,-0.845126789,-1.61985246,-0.283996656,-1.743330645
*CC1CC(*)OC(CCC)O1,0.809016823,0.93818661,-0.154337744,-0.929771094,0.331243131,-1.076112178
*CC1CC(*)OC(CCC)O1,0.826074803,1.246445833,-0.039515013,-0.831415078,0.477121255,-1.000721294
*CC1CC(*)OC(CCC)O1,0.880813592,0.9767975,0.076901529,-0.581232152,0.602059991,-0.509186317
*CC(O)COc1ccc(O*)cc1,-1.241826826,-1.71524229,-2.522879614,-3.162415366,-2.138028844,-1.896144811
*CC(O)COc1ccc(C2CC(C(C)C)CCC2(C)c2ccc(O*)cc2)cc1,0.817714972,0.699370538,-0.347723327,-1.2276617,0.287667933,-1.403903713
*CC(COc1ccc(C(C)(C)c2ccc(O*)cc2)cc1)OC(C)=O,0.436987847,0.517905975,-0.595277477,-1.312375875,0.086112295,-1.408744276
*CC(COc1ccc(C(C)(C)c2ccc(O*)cc2)cc1)OC(=O)CCl,0.254079314,0.043901994,-1.304971347,-2.13857205,-0.821671328,-2.065653723
*CC(COc1ccc(C(C)(C)c2ccc(O*)cc2)cc1)OC(=O)CC,0.854509197,0.745105768,-0.535963476,-1.312054576,0.046766129,-1.433769032
*CC(COc1ccc(C(C)(C)c2ccc(O*)cc2)cc1)OC(=O)c1ccccc1,0.614157148,0.553576974,-0.730940079,-1.499054846,-0.085113039,-1.519591083
*CC(COc1ccc(C(C)(C)c2ccc(O*)cc2)cc1)OC(=O)c1ccccc1Cl,0.210522466,-0.005911502,-1.253818824,-2.074668209,-0.722900116,-2.045014429
*CC(O)COc1ccc(C(C)(C)c2ccc(O*)c(Cl)c2)cc1Cl,-0.215824062,-0.406563783,-1.740083458,-2.558317935,-1.198036094,-2.028129173
*CC(O)COc1c(Cl)cc(C(C)(C)c2cc(Cl)c(O*)c(Cl)c2)cc1Cl,0.040633957,-0.228268221,-1.606001342,-2.210022008,-1.049436299,-2.045913386
*CC(O)COc1c(Cl)cc(C(C)(C)c2cc(Cl)c(O*)c(Cl)c2)cc1Cl,0.031782591,-0.238097615,-1.619789627,-2.162297639,-1.128465597,-2.027953908
*CC(COc1c(Cl)cc(C(C)(C)c2cc(Cl)c(O*)c(Cl)c2)cc1Cl)OC(C)=O,0.179600487,0.028474937,-0.885842039,-1.676801661,-0.32096222,-1.739227627
*CC(O)COc1ccc(C(C)(CC)c2ccc(O*)cc2)cc1,0.183327665,0.01593292,-1.318759631,-2.19401523,-0.730020323,-2.085694982
*CC(O)COc1ccc(C(C)(c2ccccc2)c2ccc(O*)cc2)cc1,0.254079314,0.043901994,-1.304971347,-2.13857205,-0.821671328,-2.065653723
*CC(O)COc1ccc(C(C)(c2ccccc2)c2ccc(O*)cc2)cc1,0.254079314,0.043901994,-1.304971347,-2.13857205,-0.821671328,-2.065653723
*CC(COc1ccc(C(C)(c2ccccc2)c2ccc(O*)cc2)cc1)OC(C)=O,0.472872351,0.464280604,-0.810121325,-1.47474288,-0.179463418,-1.587348295
*CC(COc1ccc(C(C)(c2ccccc2)c2ccc(O*)cc2)cc1)OC(=O)c1ccccc1,0.685059753,0.549295237,-0.907031338,-1.861336555,-0.928531888,-2.055447131
*CC(COc1ccc(O*)cc1)OC(C)=O,-0.164752329,-0.398909456,-1.730940079,-2.556081973,-1.097837203,-2.028129173
*CC(O)COc1ccc(C2CCCC(CC)(c3ccc(O*)cc3)C2)cc1,0.234330237,0.045171205,-1.031970075,-1.859974639,-0.552062901,-1.911142132
*CC(O)COc1ccc(C2CCCC(CC)(c3ccc(O*)cc3)C2)cc1,0.234330237,0.045171205,-1.031970075,-1.859974639,-0.552062901,-1.911142132
*CC(COc1ccc(C2CCCC(CC)(c3ccc(O*)cc3)C2)cc1)OC(C)=O,0.436987847,0.517905975,-0.595277477,-1.312375875,0.086112295,-1.408744276
*Oc1ccc(Oc2ccc(C(=O)c3ccc(*)cc3)cc2)cc1,1.868006437,2.111781984,1.919078092,1.496526687,2.625107726,1.950457661
*Oc1ccc(Oc2ccc(C(=O)c3ccc(*)cc3)cc2)cc1,1.866166896,2.111781984,1.924279286,1.496210316,2.624322635,1.942983758
*Oc1ccc(Oc2ccc(C(=O)c3ccc(*)cc3)cc2)cc1,1.603613613,2.059209107,1.799340549,1.399229854,2.479139237,1.902474941
*Oc1ccc(Oc2ccc(C(=O)c3ccc(*)cc3)cc2)cc1,1.768988066,1.975455172,1.662757832,1.208305964,2.391261832,1.542556433
*Oc1ccc(Oc2ccc(C(=O)c3ccc(*)cc3)cc2)cc1,1.736202045,1.961176603,1.633468456,1.028305377,2.492582745,1.345210835
*Oc1ccc(S(=O)(=O)c2ccc(Oc3c(C)cc(C(C)(C)c4cc(C)c(*)c(C)c4)cc3C)cc2)cc1,1.584331224,1.617267183,0.535037718,-0.280117367,1.322219295,0.01555691
*CCOCCOC(=O)c1ccc(-c2ccc(C(=O)O*)cc2)cc1,-1.10208087,-1.419452425,-2.314900215,-3.049242765,-2.005700755,-1.909813708
*c1ccc(Oc2ccc(-c3cc(-c4ccccc4)c4cc(Oc5ccc6nc(*)cc(-c7ccccc7)c6c5)ccc4n3)cc2)cc1,1.051435618,1.047935081,0.220761654,-0.541175456,0.859913773,-0.429826105
*CC(COc1ccc(S(=O)(=O)c2ccc(O*)cc2)cc1)OC(C)=O,0.000215237,-0.204626236,-1.509091329,-2.16038655,-1.318759631,-2.029619428
*CCOC(=O)c1ccc(C(=O)O*)cc1,0.146128036,-0.101174896,-1.493494968,-2.171984936,-0.823428999,-2.068373679
*CCOC(=O)c1ccc(C(=O)O*)cc1,0.146128036,-0.054709096,-1.404503778,-2.190440285,-0.733591289,-2.07363024
*CCOC(=O)c1ccc(C(=O)O*)cc1,0.17938826,0.037538324,-1.229147988,-1.886056648,-0.522878745,-1.965314886
*CCOC(=O)c1ccc(C(=O)O*)cc1,0.537872026,0.518332575,-0.791494545,-1.484837782,-0.143754599,-1.540196577
*CCOC(=O)c1ccc(C(=O)O*)cc1,0.281033367,0.217080655,-0.876148359,-1.500925013,-0.222935845,-1.605548319
*CCOC(=O)c1ccc(C(=O)O*)cc1,0.603211009,0.54399236,-0.744727495,-1.494850022,-0.097997109,-1.529436376
*CCOC(=O)c1ccc(C(=O)O*)cc1,0.113943352,1.029876858,-0.428609035,-0.969275656,-0.031625367,-0.795067031
*CCOC(=O)c1ccc(C(=O)O*)cc1,2.84509804,2.926639493,2.255272505,2.342422681,2.176091259,2.058515489
*CCOC(=O)c1ccc(C(=O)O*)cc1,0.496979938,0.450009422,-0.824561456,-1.498416568,-0.248782502,-1.609527824
*CCOC(=O)c1ccc(C(=O)O*)cc1,0.020568492,-0.231247941,-1.661991297,-2.240940436,-1.072252543,-2.04846015
*CCOC(=O)c1ccc(C(=O)O*)cc1,-0.153317653,-0.378795822,-1.720417322,-2.538433796,-1.097168031,-2.042353244
*CCOC(=O)c1ccc(C(=O)O*)cc1,-1.087763911,-1.401850604,-2.298813395,-3.037653775,-1.978478244,-1.909813708
*CCOC(=O)c1ccc(C(=O)O*)cc1,-0.207799297,-0.450253201,-1.823908741,-2.572386153,-1.045757491,-2.027018827
*CCOC(=O)c1ccc(C(=O)O*)cc1,0.731970264,0.873787591,0.01830484,-0.559563721,0.749106652,-0.302334246
*CCOC(=O)c1ccc(C(=O)O*)cc1,0.637700348,0.799582568,-0.067900236,-0.599436017,0.808690865,-0.314465428
*CCOC(=O)c1ccc(C(=O)O*)cc1,-2.737422027,-1.146366385,-3.577295283,-4.291817135,-2.936629106,-1.867696671
*CCOC(=O)c1ccc(C(=O)O*)cc1,-0.022276395,-0.236572006,-1.63686475,-2.301029996,-0.795880017,-2.05012567
*CCOC(=O)c1ccc(C(=O)O*)cc1,0.698970004,0.502871069,-0.907685739,-1.602059991,-0.278753601,-1.76687024
*CCOC(=O)c1ccc(C(=O)O*)cc1,1.119186408,1.100691833,0.126299844,-0.566343417,0.900012028,-0.511937558
*CCOC(=O)c1ccc(C(=O)O*)cc1,0.75988947,0.871633359,0.022276395,-0.56132741,0.74161854,-0.302585786
*CCOC(=O)c1ccc(C(=O)O*)cc1,1.875061263,1.891293178,0.833784375,0.017703637,1.505149978,-0.349334675
*CCOC(=O)c1ccc(C(=O)O*)cc1,0.852039041,0.920011695,0.064996235,-0.519085756,0.610548102,-0.393371621
*CCOC(=O)c1ccc(C(=O)O*)cc1,1.174274857,1.280228273,0.342422681,-0.301029996,1.184691431,-0.038907349
*CCOC(=O)c1ccc(C(=O)O*)cc1,1.174274857,1.280228273,0.342422681,-0.301029996,1.184691431,-0.038907349
*CCOC(=O)c1ccc(C(=O)O*)cc1,-0.388765676,-0.508383634,-1.886056648,-2.657577319,-1.466582119,-2.009937373
*CCOC(=O)c1ccc(C(=O)O*)cc1,0.267780922,0.052910396,-1.266053281,-2.111748592,-0.804151178,-2.049190492
*CCOC(=O)c1ccc(C(=O)O*)cc1,0.003893448,-0.173925197,-1.537602002,-2.17554814,-1.266053281,-2.032395294
*CCOC(=O)c1ccc(C(=O)O*)cc1,0.672097858,0.568201724,-0.907623694,-1.795880017,-0.920818754,-1.995076157
*CCOC(=O)c1ccc(C(=O)O*)cc1,-0.01566444,-0.22851763,-1.658664415,-2.296364762,-0.815450519,-2.051236016
*CCOC(=O)c1ccc(C(=O)O*)cc1,0.027440279,-0.223851306,-1.625541087,-2.189207317,-1.102545839,-2.034142331
*CCOC(=O)c1ccc(C(=O)O*)cc1,0.098275838,-0.165554134,-1.455931956,-2.185811012,-0.801549664,-2.054962155
*CCOC(=O)c1cccc(C(=O)O*)c1,-0.003887576,-0.193227172,-1.529203527,-2.26271655,-1.344669442,-2.049015323
*CCOC(=O)c1cccc(C(=O)O*)c1,-0.912319127,-1.397167285,-1.823349591,-2.906957289,-2.130718746,-1.966154816
*CCCCOC(=O)c1ccc(C(=O)O*)cc1,0.269979677,0.14819897,-1.033776128,-1.848694431,-0.553929064,-1.900530883
*CC1CCC(COC(=O)c2ccc(C(=O)O*)cc2)CC1,0.83213371,0.743683711,-0.614221673,-1.34946438,0,-1.459184311
*CCOC(=O)c1ccc2cc(C(=O)O*)ccc2c1,0.167981845,0.01564546,-1.324511092,-2.197007703,-0.7000571,-2.092618287
*CCOC(=O)c1ccc2cc(C(=O)O*)ccc2c1,0.183327665,0.01593292,-1.318759631,-2.19401523,-0.730020323,-2.085694982
*CCOC(=O)c1ccc2cc(C(=O)O*)ccc2c1,-0.155835772,-0.388160566,-1.73003624,-2.538433796,-1.100610268,-2.028129173
*CCOC(=O)c1ccc2cc(C(=O)O*)ccc2c1,-0.932223346,-1.313031767,-2.045757491,-2.947740379,-1.994390782,-1.966154816
*CCCCCC(=O)O*,1.46686762,1.719331287,1.403120521,0.978180517,2.459392488,1.354108439
*OC(C)CC(*)=O,0.197273765,-0.216603706,-1.084121984,-1.663832852,-0.318758763,-1.709806595
*Oc1c(C)cc(C(C)(C)c2cc(C)c(OC(=O)c3cccc(C(*)=O)c3)c(C)c2)cc1C,1.491361694,1.612996728,0.5711401,-0.231357563,1.332283664,0.033423755
*Oc1c(C)cc(C(C)(C)c2cc(C)c(OC(=O)c3ccc(C(*)=O)cc3)c(C)c2)cc1C,1.505149978,1.632031405,0.545047315,-0.25740611,1.278753601,-0.00190575
*CCCCCC(=O)N*,-3.15490196,-1.146366385,-4.744727495,-5.397940009,-4.26760624,-1.867696671
*CCCCCC(=O)N*,-3.15490196,-1.146366385,-5.096910013,-5.698970004,-4.508638306,-1.867696671
*CCCCCC(=O)N*,0.155056679,-0.169922162,-1.096910013,-1.671343574,-0.301029996,-1.71973696
*CCCCCC(=O)N*,-0.274088368,-0.417563448,-1.734685557,-2.60291971,-1.27572413,-2.013268412
*CCCCCC(=O)N*,1.199594992,1.263649694,0.579783597,0,1.204119983,-0.097610625
*CCCCCC(=O)N*,-0.338916501,-0.509450939,-2.022276395,-2.552841969,-1.494850022,-2.009937373
*CCCCCC(=O)N*,0.152547024,-0.055517328,-1.405684324,-2.190599092,-0.737105684,-2.071082866
*CCCCCC(=O)N*,0.115713963,-0.267726055,-1.413750361,-2.001087096,-0.796967113,-2.004763081
*CCCCCC(=O)N*,-0.970802472,-1.267144326,-2.218055761,-2.999450483,-1.876148359,-1.966154816
*CCCCCCCC(=O)N*,-0.804266352,-1.514420523,-1.762205007,-2.804266352,-2.658664415,-1.966154816
*CCCCCCCCCCCC(=O)N*,-0.514420523,-1.267622325,-1.597394758,-2.691456928,-2.39184852,-2.00771668
*NC(CCC(=O)OC)C(*)=O,0.583491732,0.785329835,-0.091514981,-0.638272164,1.025305865,-0.258745224
*NC(CCC(=O)OCc1ccccc1)C(*)=O,0.391842373,0.383815366,-0.552841969,-1.22184875,0.222716471,-1.288543852
*NC(CCC(=O)O)C(*)=O,-2.045409153,-0.920818754,-3.22184875,-4,-2.22184875,-1.867696671
*NC(CC(C)C)C(*)=O,1.572769207,1.733197265,0.935003151,0.283301229,1.583198774,0.323464496
*NC(CCCCNC(=O)OCc1ccccc1)C(*)=O,-0.112110277,-0.366531544,-1.698970004,-2.522878745,-1,-2.042353244
*c1ccc(Oc2ccc(-n3c(=O)c4cc5c(=O)n(*)c(=O)c5cc4c3=O)cc2)cc1,0.53529412,0.449967702,-0.860120914,-1.698970004,-0.577501878,-1.880224882
*c1ccc(Oc2ccc(-n3c(=O)c4cc5c(=O)n(*)c(=O)c5cc4c3=O)cc2)cc1,0.534026106,0.448594157,-0.850780887,-1.718966633,-0.621843501,-1.876757568
*c1ccc(Oc2ccc(-n3c(=O)c4cc5c(=O)n(*)c(=O)c5cc4c3=O)cc2)cc1,0.545307116,0.460762642,-0.970616222,-1.931814138,-0.752215097,-2.043913518
*c1ccc(Oc2ccc(-n3c(=O)c4cc5c(=O)n(*)c(=O)c5cc4c3=O)cc2)cc1,0.557507202,0.453228564,-0.818156412,-1.661543506,-0.453144106,-1.828317396
*c1ccc(Oc2ccc(-n3c(=O)c4cc5c(=O)n(*)c(=O)c5cc4c3=O)cc2)cc1,0.530255852,0.643452676,-0.397940009,-1,0.255272505,-1
*c1ccc(Oc2ccc(-n3c(=O)c4cc5c(=O)n(*)c(=O)c5cc4c3=O)cc2)cc1,0.281033367,0.217080655,-0.876148359,-1.500925013,-0.222935845,-1.605548319
*c1ccc(Oc2ccc(-n3c(=O)c4cc5c(=O)n(*)c(=O)c5cc4c3=O)cc2)cc1,0.165151273,0.031257694,-1.184854827,-1.9339802,-0.58575487,-1.982639221
*c1ccc(Oc2ccc(-n3c(=O)c4cc5c(=O)n(*)c(=O)c5cc4c3=O)cc2)cc1,0.199231063,1.016711692,-0.400929484,-0.940477415,0.089922803,-0.818665394
*c1ccc(Oc2ccc(-n3c(=O)c4cc5c(=O)n(*)c(=O)c5cc4c3=O)cc2)cc1,0.22314322,0.998850361,-0.402014359,-0.92828498,0.082559611,-0.786965097
*c1ccc(Oc2ccc(-n3c(=O)c4cc5c(=O)n(*)c(=O)c5cc4c3=O)cc2)cc1,0.08773905,1.055138806,-0.414662299,-0.954934404,0.015592504,-0.809579519
*c1ccc(Oc2ccc(-n3c(=O)c4cc5c(=O)n(*)c(=O)c5cc4c3=O)cc2)cc1,0.137713025,1.045322979,-0.418633356,-0.969485354,-0.008773924,-0.827403156
*c1ccc(Oc2ccc(-n3c(=O)c4cc5c(=O)n(*)c(=O)c5cc4c3=O)cc2)cc1,0.543141055,0.433390383,-0.82896717,-1.595625881,-0.264327655,-1.733546208
*c1ccc(Oc2ccc(-n3c(=O)c4cc5c(=O)n(*)c(=O)c5cc4c3=O)cc2)cc1,0.137713025,0.00643411,-1.033683113,-1.91226095,-0.543092127,-1.927335109
*c1ccc(Oc2ccc(-n3c(=O)c4cc5c(=O)n(*)c(=O)c5cc4c3=O)cc2)cc1,0.528399617,0.851258349,0.40654018,-0.096910013,1.079181246,0.389950259
*c1ccc(Oc2ccc(-n3c(=O)c4cc5c(=O)n(*)c(=O)c5cc4c3=O)cc2)cc1,0.139283706,-0.082341167,-1,-1.690591083,-0.344669442,-1.748097004
*c1ccc(Oc2ccc(N3C(=O)c4ccc(-c5ccc6c(c5)C(=O)N(*)C6=O)cc4C3=O)cc2)cc1,-1.497750458,1.308543072,-0.60199051,-1.503236356,0.16917462,-0.63311031
*C(=O)c1ccc2c(c1)C(=O)N(c1c(C)c(C)c(N3C(=O)c4ccc(*)cc4C3=O)c(C)c1C)C2=O,1.890645078,2.033423755,1.071882007,0.25423162,1.670331522,0.231443648
*c1cccc(N2C(=O)c3ccc(Oc4ccc(C(C)(C)c5ccc(Oc6ccc7c(c6)C(=O)N(*)C7=O)cc5)cc4)cc3C2=O)c1,0.881577268,0.73534225,-0.48148606,-1.297586241,0.082218844,-1.442786202
*c1cccc(N2C(=O)c3ccc(Oc4ccc(C(C)(C)c5ccc(Oc6ccc7c(c6)C(=O)N(*)C7=O)cc5)cc4)cc3C2=O)c1,0.973127854,0.737076206,-0.387216143,-1.292429824,0.123851641,-1.443697499
*c1ccc(Oc2ccc(N3C(=O)c4ccc(Oc5ccc(C(C)(C)c6ccc(Oc7ccc8c(c7)C(=O)N(*)C8=O)cc6)cc5)cc4C3=O)cc2)cc1,0.603211009,0.54399236,-0.744727495,-1.494850022,-0.097997109,-1.529436376
*c1ccc2c(c1)C(=O)N(c1ccc(Cc3ccc(N4C(=O)c5ccc(C(*)(C(F)(F)F)C(F)(F)F)cc5C4=O)cc3)cc1)C2=O,1.295550342,1.408089865,0.447158031,-0.123735028,1.176091259,-0.077682824
*c1ccc2c(c1)C(=O)N(c1ccc(C(C)(C)c3ccc(N4C(=O)c5ccc(C(*)(C(F)(F)F)C(F)(F)F)cc5C4=O)cc3)cc1)C2=O,1.852479994,1.895105248,0.876794976,0.123851641,1.477121255,-0.270314764
*C(=O)Nc1ccc(Cc2ccc(NC(=O)c3ccc(N4C(=O)c5ccc(*)cc5C4=O)cc3)cc2)cc1,0.431363764,0.527651791,-0.658729649,-1.334182436,0.017033339,-1.453705817
*C(=O)Nc1ccc(S(=O)(=O)c2ccc(NC(=O)c3ccc(N4C(=O)c5ccc(*)cc5C4=O)cc3)cc2)cc1,0.531478917,0.536347947,-0.547925801,-1.302009786,0.204119983,-1.33279777
*c1ccc2c(c1)C(=O)N(c1c(C)cc(C)c(N3C(=O)c4ccc(C(*)(C(F)(F)F)C(F)(F)F)cc4C3=O)c1C)C2=O,2.270772862,2.536558443,1.795880017,1.156664456,2.647695513,1.340093815
*c1ccc2c(c1)C(=O)N(c1c(C)c(C)c(N3C(=O)c4ccc(C(*)(C(F)(F)F)C(F)(F)F)cc4C3=O)c(C)c1C)C2=O,2.408184001,2.63748973,1.939519253,1.816013498,2.805178506,2.066557768
*OC1C(C)(C)C(OC(*)=O)C1(C)C,1.875061263,1.891293178,0.833784375,0.017703637,1.505149978,-0.349334675
*Oc1ccc(C(C)(C)c2ccc(OC(*)=O)cc2)cc1,0.276139985,1.593673657,0.977723605,0.477121255,1.707644403,0.924279286
*Oc1ccc(C(C)(C)c2ccc(OC(*)=O)cc2)cc1,1.045763123,1.046355614,0.146128036,-0.522878745,0.903089987,-0.456342955
*Oc1ccc(C(C)(C)c2ccc(OC(*)=O)cc2)cc1,1.031855912,0.991612425,0.176091259,-0.638272164,0.77815125,-0.473356676
*Oc1ccc(C(C)(C)c2ccc(OC(*)=O)cc2)cc1,1.187520721,1.249004138,0.354211842,-0.235423009,1,-0.063244336
*Oc1ccc(C(C)(C)c2ccc(OC(*)=O)cc2)cc1,1.146128036,1.086980249,0.170261715,-0.539102157,0.812913357,-0.552841969
*Oc1ccc(C(C)(C)c2ccc(OC(*)=O)cc2)cc1,1.042004622,1.039411299,0.176091259,-0.522878745,0.903089987,-0.444325265
*Oc1ccc(C(C)(C)c2ccc(OC(*)=O)cc2)cc1,1.045119013,1.013090551,0.230448921,-0.537602002,0.8330949,-0.418990933
*Oc1ccc(C(C)(C)c2ccc(OC(*)=O)cc2)cc1,1.031855912,0.991612425,0.176091259,-0.638272164,0.77815125,-0.473356676
*Oc1ccc(C(C)(C)c2ccc(OC(*)=O)cc2)cc1,1.826598819,2.62324929,0.531478917,-0.657577319,1.021189299,-0.399390713
*Oc1ccc(C(C)(C)c2ccc(OC(*)=O)cc2)cc1,1.08430147,1.130333768,0.255272505,-1,0.875061263,-0.730614789
*Oc1ccc(C(C)(C)c2ccc(OC(*)=O)cc2)cc1,0.560369772,1.118909635,0.698970004,0.162229225,1.176091259,0.520289255
*Oc1ccc(C(C)(C)c2ccc(OC(*)=O)cc2)cc1,1.029383778,1.046888959,0.177640965,-0.556893578,0.86923172,-0.513957442
*Oc1ccc(C(C)(C)c2ccc(OC(*)=O)cc2)cc1,3,3.079181246,2.146128036,1.477121255,2.903089987,1.677685348
*Oc1ccc(C(C)(C)c2ccc(OC(*)=O)cc2)cc1,1.12520621,1.086437508,0.160579093,-0.561249143,0.828015064,-0.537630473
*Oc1ccc(C(C)(C)c2ccc(OC(*)=O)c(C)c2)cc1C,0.874861212,0.74808748,-0.522878745,-1.311811188,0.037426498,-1.428913507
*Oc1ccc(C2(c3ccc(OC(*)=O)c(C)c3)CCCCC2)cc1C,0.232868286,0.087077477,-0.958607315,-1.795880017,-0.574537977,-1.858154712
*Oc1c(C)cc(C(C)(C)c2cc(C)c(OC(*)=O)c(C)c2)cc1C,1.041373958,1.346401125,0.773786445,0.227766361,1.418301291,0.492137103
*Oc1c(C)cc(C(C)(C)c2cc(C)c(OC(*)=O)c(C)c2)cc1C,1.633468456,1.821901935,0.991597975,0.354755417,1.462397998,0.357084002
*CCCCCCCCCCOC(=O)O*,0.691285489,0.964706371,0.464329232,-0.019907946,1.101575246,0.450643252
*Oc1ccc(C(C)(C)c2ccc(OC(*)=O)c(C(C)C)c2)cc1C(C)C,1.074998945,1.051761516,0.26245109,-0.354333938,0.936513742,-0.107210668
*Oc1ccc(C(=C(Cl)Cl)c2ccc(OC(*)=O)cc2)cc1,1.113943352,1.113943352,0.113943352,-0.585026652,0.875061263,-0.522878745
*CCC1CC(=O)N(*)C1=O,1.027149241,1.436440425,1.327971624,0.416833135,1.068334313,0.519641858
*C[Si](*)(C)C,2.069614749,2.305902969,1.995635195,1.602059991,2.737988654,2.113943352
*CCC[Si](*)(C)C,0.276139985,1.593673657,0.977723605,0.477121255,1.707644403,0.924279286
*O[Si](*)(C)C,1.578797443,1.977069763,1.721246399,1.282189305,2.408553334,1.691464556
*O[Si](*)(C)C,2.40654018,2.812244697,2.632457292,2.367355921,3.51054501,2.717492135
*N=P(*)(Oc1ccccc1)Oc1ccccc1,0.667452953,0.8641117,-0.013228266,-0.569871336,0.674861141,-0.315090365
*CCc1ccc(*)cc1,0.022763543,0.176650409,-0.740083458,-1.266053281,0.130644111,-1.320983906
*CCc1ccc(*)cc1,0.022763543,0.176650409,-0.744728363,-1.266053281,0.130644111,-1.322602414
*CCc1ccc(*)c(C)c1,0.171324942,-0.002248193,-1.236090057,-1.810121325,-0.579672404,-1.91622039
*CCc1ccc(*)c(C)c1,0.171377959,-0.002248193,-1.244863982,-1.80687627,-0.578396942,-1.917031459
*CCc1ccc(*)c(CC)c1,0.633633225,0.633141662,-0.301591606,-1.05045348,0.275347645,-1.215735589
*CCc1ccc(*)c(CC)c1,0.616727811,0.633141662,-0.301591606,-1.044825395,0.275347645,-1.20047644
*CCc1ccc(*)c(C#N)c1,0.289954844,0.247734884,-1.05045348,-1.88472513,-0.520086714,-1.941271669
*CCc1ccc(*)c(C#N)c1,0.288890867,0.247734884,-1.044825395,-1.88277601,-0.522879614,-1.935368542
*CCc1ccc(*)c(Cl)c1,0.295583643,0.079180377,-1.33300007,-2.111151321,-0.893667376,-2.066013934
*CCc1ccc(*)c(Cl)c1,0.329726644,0.079180377,-1.318759631,-2.221849618,-0.898963716,-2.103359421
*CCc1ccc(*)c(Br)c1,-0.535027525,-0.347723327,-1.634030066,-3.111151321,-1.457938807,-2.013823586
*CCc1ccc(*)c(Br)c1,-0.562008558,-0.347723327,-1.619789627,-3.221849618,-1.443698368,-2.013823586
*CCc1cc(Cl)c(*)c(Cl)c1,0.542449099,0.500117514,-0.740083458,-1.567083276,-0.106829947,-1.604334853
*CCc1cc(Cl)c(*)c(Cl)c1,0.534355366,0.49661977,-0.744728363,-1.568325894,-0.106829947,-1.60853568
*C1CCCCC1*,4.250420002,4.565847819,4.785329835,4.301029996,4.645422269,4.544068044
*CC(*)[Si](C)(C)C,2.136720567,2.280651667,1.383749927,0.804511963,1.90330241,0.981082594
*CC(*)[Si](C)(C)C,2.001677752,2.182352383,1.540329475,1.039572842,2.217273326,1.249351533
*CC(*)[Si](C)(C)C,2.255272505,2.301029996,1.643452676,1.041392685,2.278753601,1.255272505
*CC(*)[Si](C)(C)C,2.155192386,2.301029996,1.51851394,0.903089987,2.278753601,1.113943352
*C(Cl)=C(*)c1ccccc1,1.541579244,1.651278014,0.903089987,0.230448921,1.785329835,0.414973348
*C(C)=C(*)[Si](C)(C)CCCCCC,1.67620858,1.837363515,1.176091259,0.672097858,1.953281618,0.998546527
*C=CC1CC(*)C([Si](C)(C)C)C1,1.975263477,2.146128036,1.477121255,0.857332496,2.949390007,1.230448921
*C=CC1CC(*)C([Si](C)(C)C[Si](C)(C)C)C1,1.740734572,1.86332286,1.204119983,0.568201724,2.826074803,0.929418926
*C=C(*)c1cc(C(F)(F)F)oc1C(F)(F)F,2.279704814,2.491875544,2.079181246,1.591064607,2.342422681,1.342422681
*C=C(*)c1cc(C(F)(F)F)sc1C(F)(F)F,2.255336069,2.406099546,1.857332496,1.342422681,2.255272505,1.079181246
*CC(*)(C)C(=O)OCCCCCCOc1ccc(C(=O)Oc2ccc(OCCCCCC)cc2)cc1,1.979980778,2.257456201,1.998180759,1.644347194,2.745509991,2.084549602
*C=C(*)C(C)(C)C,2.645729603,2.969945202,2.633468456,2.278753601,3.303013285,2.68370418
*C=C(*)C(C)(C)C,2.908485019,3.06069784,2.477121255,2,3.133538908,2.204119983
*C=C(*)C(C)(C)C,1.916889609,2.161637686,2,1.462397998,2.637507296,1.888767679
*C=C(*)C(C)(C)C,1.727906714,1.941059826,1.602059991,1,2.473325107,1.31416909
*OC1C(COCC)OC(*)C(OCC)C1OCC,1.612783857,1.939519253,1.11867467,0.653212514,1.838849091,0.895231692
*OC1C(CO)OC(*)C(O)C1O,-3.15490196,-1.146366385,-3.996868462,-5.116409779,-3.301029996,-1.867696671
*OC1C(CO)OC(*)C(O)C1O,-1.963186202,-1.330365399,-3,-3.76146794,-2.602980479,-1.867696671
*c1ccc(Oc2ccc(C(=O)c3ccc(Oc4ccc(C5(*)OC(=O)c6ccccc65)cc4)cc3)cc2)cc1,0.844477176,0.744742545,-0.259637311,-1.154996572,0.432969291,-1.412217251
*c1ccc(Oc2ccc(C(=O)c3ccc(Oc4ccc(C5(*)OC(=O)c6ccccc65)cc4)cc3)cc2)cc1,0.477121255,1.447158031,-0.045757491,-0.823908741,0.380211242,-1.142667504
*c1ccc(Oc2ccc(S(=O)(=O)c3ccc(Oc4ccc(C5(*)OC(=O)c6ccccc65)cc4)cc3)cc2)cc1,0.77815125,1.255272505,0,-0.769551079,0.698970004,-0.853871964
*Oc1ccc(S(=O)(=O)c2ccc(Oc3c(C(C)C)cc(C(C)(C)c4cc(C(C)C)c(*)c(C(C)C)c4)cc3C(C)C)cc2)cc1,2.041392685,2.225311588,1.40482695,0.874833524,1.991226076,1.091772731
*CC(CS(C)(=O)=O)O*,-1.293911008,-2.096034531,-2.730020323,-3.200135275,-2.318759631,-1.896144811
*CC(CS(C)(=O)=O)O*,-1.293911008,-2.096034531,-2.730020323,-3.200135275,-2.318759631,-1.896144811
*CC(CS(=O)(=O)CC)O*,-0.920275385,-1.353750163,-1.931665687,-2.91548038,-2.055541506,-1.966154816
*CC(CS(=O)(=O)CCC)O*,0.854509197,0.74688349,-0.533725678,-1.311585405,0.043665005,-1.432799932
*CC(CS(=O)(=O)C(C)C)O*,0.51851394,0.498684448,-0.796967113,-1.508929043,-0.167491087,-1.593841344
*CC(CS(=O)(=O)CCCC)O*,0.820685949,0.739809883,-0.274088368,-1.163840041,0.387980989,-1.438682829
*CC(CS(=O)(=O)CCCCC)O*,0.872056981,0.747662791,-0.252899069,-1.165469984,0.365887335,-1.44279527
*CC(CO*)(CS(C)(=O)=O)CS(C)(=O)=O,-0.223724302,-0.412088583,-1.762205007,-2.575666919,-1.146348122,-2.028129173
*CC(CO*)(CS(C)(=O)=O)CS(C)(=O)=O,-0.223724302,-0.412088583,-1.762205007,-2.575666919,-1.146348122,-2.028129173
*OC1C(COC(C)=O)OC(*)C(OC(C)=O)C1OC(C)=O,1.451779422,1.597386864,0.567896437,-0.222498379,1.342422681,0.025521931
*OC1C(COC(C)=O)OC(*)C(OC(C)=O)C1OC(C)=O,0.556013325,0.544068044,-0.353394857,-1,0.402427918,-1.045493852
*OC1C(COC(C)=O)OC(*)C(OC(C)=O)C1OC(C)=O,0.557235071,0.700438483,-0.151872489,-0.553929064,0.831421817,-0.269167411
*Oc1ccc(S(=O)(=O)c2ccc(Oc3c(C)cc(C4CCC(C(C)(C)c5cc(C)c(*)c(C)c5)CC4C)cc3C)cc2)cc1,1.683947131,1.84726199,1.169540074,0.631719083,1.812913357,0.911895362
*OC1C(COC)OC(*)C(OC)C1OC,0.871052979,0.896913984,0.122982182,-0.596206352,0.745261095,-0.332173043
*c1cc(CCCCCC)c(*)s1,2.006100438,2.198154437,1.36361198,0.98461977,2.186057143,1.219880968
*CCCS(=O)(=O)CCCCS(=O)(=O)CCCOC(=O)c1ccccc1C(=O)O*,-0.970802472,-1.267144326,-2.218055761,-2.999450483,-1.876148359,-1.966154816
*CCCS(=O)(=O)CCCS(=O)(=O)CCCOC(=O)c1ccccc1C(=O)O*,-0.912208953,-1.178933666,-2.148741651,-3,-1.834755674,-1.966154816
*CCCS(=O)(=O)CCCCS(=O)(=O)CCCOC(=O)c1cccc(C(=O)O*)c1,-0.912209607,-1.149867599,-2.217339539,-2.998359292,-1.762205007,-1.966154816
*CCCS(=O)(=O)CCCS(=O)(=O)CCCOC(=O)c1cccc(C(=O)O*)c1,-0.911847719,-1.085989867,-2.218582984,-3.020882975,-1.730020323,-1.966154816
*Oc1ccc(C2(c3ccc(OC(=O)c4ccc(C(*)=O)cc4)c(C)c3)CCCCC2)cc1C,0.88536739,0.763430269,-0.22184875,-1.156305778,0.330307129,-1.435003925
*Oc1c(C)cc(C2(c3cc(C)c(OC(=O)c4cc(C(*)=O)cc(C(C)(C)C)c4)c(C)c3)CC(C)CC(C)(C)C2)cc1C,2.001677752,2.182352383,1.540329475,1.039572842,2.217273326,1.249351533
*Oc1c(Br)cc(C2(c3cc(Br)c(OC(=O)c4cc(C(*)=O)cc(C(C)(C)C)c4)c(Br)c3)CC(C)CC(C)(C)C2)cc1Br,1.681343033,1.836432691,1.190331698,0.68742187,1.99041221,1.01444991
*Oc1c(C)cc(C2CCC(C(C)(C)c3cc(C)c(OC(=O)c4ccc(C(*)=O)cc4)c(C)c3)CC2C)cc1C,2.170261715,2.307760499,1.39234746,0.817452464,1.919078092,0.992440033
*NC(CCCCSC)C(*)=O,0.471169742,0.482873584,-0.387216143,-1.045757491,0.63447727,-1.009811711
*CC(C)(COC(=O)NCCCCCCNC(=O)O*)CN(C)C,0.227886705,0.063110182,-1.065501549,-1.886056648,-0.532079772,-1.943095149
*COC(=O)NCCCCCCNC(=O)OCc1cccc(*)n1,-0.912208953,-1.178933666,-2.148741651,-3,-1.834755674,-1.966154816
*CC(C)(COC(=O)Nc1ccc(Cc2ccc(NC(=O)O*)cc2)cc1)CN(C)C,0.233805162,0.04302605,-1.045757491,-1.853871964,-0.553517013,-1.913256786
*COC(=O)Nc1ccc(Cc2ccc(NC(=O)OCc3cccc(*)n3)cc2)cc1,0.115657724,-0.184651881,-1.420216403,-2.207608311,-0.844846898,-2.051351393
*Oc1ccc(C(C)(C)c2ccc(OC(=O)N(C)c3ccc(S(=O)(=O)c4ccc(N(C)C(*)=O)cc4)cc3)cc2)cc1,0.781755375,0.868977207,0.036436234,-0.591177399,0.759128576,-0.324987708
*c1ccc2c(c1)C(=O)N(c1cccc(S(=O)(=O)c3cccc(N4C(=O)c5ccc(C(*)(C(F)(F)F)C(F)(F)F)cc5C4=O)c3)c1)C2=O,0.824334554,0.796106716,-0.13667714,-1.096910013,0.361727836,-1.508638306
*CCC[Si](C)(C)O[Si](C)(C)CCCN1C(=O)c2ccc(C(=O)c3ccc4c(c3)C(=O)N(*)C4=O)cc2C1=O,0.79350452,0.868346606,0.041392685,-0.591760035,0.742029886,-0.320461594
*CC(=O)Nc1ccc(NC(=O)c2ccc3c(c2)C(=O)N(*)C3=O)cc1,0.079181246,0.23920709,-0.875492047,-1.39629752,-0.113509275,-1.51662358
*CC(=O)Nc1ccc(Cc2ccc(NC(=O)c3ccc4c(c3)C(=O)N(*)C4=O)cc2)cc1,0.079181246,-0.177044829,-1.077916658,-1.67846846,-0.356547324,-1.735483213
*CC(=O)Nc1ccc(S(=O)(=O)c2ccc(NC(=O)c3ccc4c(c3)C(=O)N(*)C4=O)cc2)cc1,0.431363764,0.472615496,-0.566801526,-1.302436092,0.139879086,-1.387543192
*CC(=O)Nc1ccc(Oc2ccc(NC(=O)c3ccc4c(c3)C(=O)N(*)C4=O)cc2)cc1,0.556302501,0.523528406,-0.769928675,-1.510120643,-0.13076828,-1.554858602
*CC(=O)Nc1ccc(Oc2ccc(Oc3ccc(NC(=O)c4ccc5c(c4)C(=O)N(*)C5=O)cc3)cc2)cc1,0.579783597,0.60419494,-0.306898108,-1.022825752,0.359835482,-1.150971168
*CC(=O)Nc1ccc(Oc2cccc(Oc3ccc(NC(=O)c4ccc5c(c4)C(=O)N(*)C5=O)cc3)c2)cc1,0.51851394,0.498684448,-0.796967113,-1.508929043,-0.167491087,-1.593841344
*C(=O)Nc1ccc(NC(=O)c2ccc(N3C(=O)c4ccc(*)cc4C3=O)cc2)cc1,0.397940009,0.407352774,-0.818476964,-1.440480237,-0.142667504,-1.570975069
*C(=O)Nc1ccc(Oc2ccc(NC(=O)c3ccc(N4C(=O)c5ccc(*)cc5C4=O)cc3)cc2)cc1,0.72427587,0.874440474,0.021189227,-0.551733815,0.762473936,-0.300243601
*c1ccc2c(c1)C(=O)N(c1ccc(Cc3ccc(N4C(=O)c5ccc(C(*)(C(F)(F)F)C(F)(F)F)cc5C4=O)c(C(C)C)c3)cc1C(C)C)C2=O,1.942350726,1.960864578,0.913813852,0.151645888,1.609567875,-0.124719957
*c1ccc2c(c1)C(=O)N(c1ccc(Cc3ccc(N4C(=O)c5ccc(C(*)(C(F)(F)F)C(F)(F)F)cc5C4=O)c(C(C)(C)C)c3)cc1C(C)(C)C)C2=O,1.990810779,2.185367683,1.278753601,0.77386584,2.051331651,1.018761195
*c1ccc2c(c1)C(=O)N(c1ccc(Cc3ccc(N4C(=O)c5ccc(C(*)(C(F)(F)F)C(F)(F)F)cc5C4=O)c(C(F)(F)F)c3)cc1C(F)(F)F)C2=O,0.921828846,1.335333775,0.716003344,0.214512271,1.292215314,0.602517605
*c1ccc2c(c1)C(=O)N(c1c(C)cc(Cc3cc(C)c(N4C(=O)c5ccc(C(*)(C(F)(F)F)C(F)(F)F)cc5C4=O)c(C)c3)cc1C)C2=O,0.983586439,1.56220072,1.041392685,0.568817734,1.792192205,0.97589258
*c1ccc2c(c1)C(=O)N(c1c(CC)cc(Cc3cc(CC)c(N4C(=O)c5ccc(C(*)(C(F)(F)F)C(F)(F)F)cc5C4=O)c(CC)c3)cc1CC)C2=O,1.696932087,1.824798886,1.264817823,0.796845639,2.090335423,1.146097202
*c1ccc2c(c1)C(=O)N(c1c(C)cc(Cc3cc(C)c(N4C(=O)c5ccc(C(*)(C(F)(F)F)C(F)(F)F)cc5C4=O)c(C(C)C)c3)cc1C(C)C)C2=O,1.987779898,2.202472929,1.478566496,0.965095327,2.234245799,1.163648809
*c1ccc2c(c1)C(=O)N(c1ccc(C(c3ccccc3)(c3ccc(N4C(=O)c5ccc(C(*)(C(F)(F)F)C(F)(F)F)cc5C4=O)cc3)C(F)(F)F)cc1)C2=O,1.391232678,1.559601106,0.579783597,-0.197399513,1.346352974,0.025918132
*c1ccc2c(c1)C(=O)N(c1c(C)cc(C(c3ccccc3)(c3cc(C)c(N4C(=O)c5ccc(C(*)(C(F)(F)F)C(F)(F)F)cc5C4=O)c(C)c3)C(F)(F)F)cc1C)C2=O,2.017470574,2.212077726,1.40654018,0.976154537,2.143286735,1.207538223
*c1ccc2c(c1)C(=O)N(c1c(C)cc(C(c3ccccc3)(c3cc(C)c(N4C(=O)c5ccc(C(*)(C(F)(F)F)C(F)(F)F)cc5C4=O)c(C(C)C)c3)C(F)(F)F)cc1C(C)C)C2=O,1.591702611,1.972283472,1.718501689,1.281784098,2.407960917,1.688781494
*c1ccc2c(c1)C(=O)N(c1c(C(C)C)cc(C(c3ccccc3)(c3cc(C(C)C)c(N4C(=O)c5ccc(C(*)(C(F)(F)F)C(F)(F)F)cc5C4=O)c(C(C)C)c3)C(F)(F)F)cc1C(C)C)C2=O,1.783823044,2.059373897,1.903089987,1.47784036,2.616647004,1.958197048
*c1ccc2c(c1)C(=O)N(c1ccc(C3(c4ccc(N5C(=O)c6ccc(C(*)(C(F)(F)F)C(F)(F)F)cc6C5=O)cc4)c4ccccc4-c4ccccc43)cc1)C2=O,1.77815125,1.930179617,1.068185862,0.278731109,1.698970004,0.263539398
*c1ccc2c(c1)C(=O)N(c1ccc(C3(c4ccc(N5C(=O)c6ccc(C(*)(C(F)(F)F)C(F)(F)F)cc6C5=O)c(F)c4)c4ccccc4-c4ccccc43)cc1F)C2=O,1.157691683,1.56480144,1.089905111,0.607562189,1.942520927,1.037129177
*c1ccc2c(c1)C(=O)N(c1ccc(C3(c4ccc(N5C(=O)c6ccc(C(*)(C(F)(F)F)C(F)(F)F)cc6C5=O)c(C(C)C)c4)c4ccccc4-c4ccccc43)cc1C(C)C)C2=O,1.687141075,1.831048621,1.225309282,0.73937364,1.922255654,1.037287899
*c1ccc2c(c1)C(=O)N(c1c(C)cc(C3(c4cc(C)c(N5C(=O)c6ccc(C(*)(C(F)(F)F)C(F)(F)F)cc6C5=O)c(C)c4)c4ccccc4-c4ccccc43)cc1C)C2=O,1.57062187,2.04276642,1.778874472,1.378263325,2.458161872,1.868932238
*c1ccc2c(c1)C(=O)N(c1c(C)cc(C3(c4cc(C)c(N5C(=O)c6ccc(C(*)(C(F)(F)F)C(F)(F)F)cc6C5=O)c(C(C)C)c4)c4ccccc4-c4ccccc43)cc1C(C)C)C2=O,1.879573656,2.130327379,1.926342447,1.508265135,2.62233286,1.947512183
*c1ccc2c(c1)C(=O)N(c1ccc(-c3ccc(N4C(=O)c5ccc(C(*)(C(F)(F)F)C(F)(F)F)cc5C4=O)c(C)c3)cc1C)C2=O,0.969528813,1.34458152,0.73239376,0.221201162,1.300689593,0.596980768
*c1ccc2c(c1)C(=O)N(c1c(C)cc(-c3cc(C)c(N4C(=O)c5ccc(C(*)(C(F)(F)F)C(F)(F)F)cc5C4=O)c(C)c3)cc1C)C2=O,1.532437352,1.974775462,1.730782276,1.285605116,2.416321626,1.696805003
*c1ccc2c(c1)C(=O)N(c1c(C)cc(-c3cc(C)c(N4C(=O)c5ccc(C(*)(C(F)(F)F)C(F)(F)F)cc5C4=O)c(C(C)C)c3)cc1C(C)C)C2=O,1.879573656,2.130327379,1.926342447,1.508265135,2.62233286,1.947512183
*c1ccc2c(c1)C(=O)N(c1c(C(C)C)cc(Cc3cc(C(C)C)c(N4C(=O)c5ccc(C(*)(C(F)(F)F)C(F)(F)F)cc5C4=O)c(C(C)C)c3)cc1C(C)C)C2=O,1.653476918,1.998978694,1.673020907,1.278095475,2.419158188,1.677841994
*c1ccc2c(c1)C(=O)N(c1ccc(S(=O)(=O)c3ccc(N4C(=O)c5ccc(C(*)(C(F)(F)F)C(F)(F)F)cc5C4=O)cc3)cc1)C2=O,1.754109383,2.002102103,0.568201724,-0.214670165,1.204119983,-0.468521083
*c1cccc(N2C(=O)c3ccc(Oc4ccc5c(c4)C4(CC(C)(C)c6ccc(Oc7ccc8c(c7)C(=O)N(*)C8=O)cc64)CC5(C)C)cc3C2=O)c1,1.294916498,1.406760555,0.450249108,-0.120978946,1.151141584,-0.084522917
*c1cccc(N2C(=O)c3ccc(Oc4ccc(C5(c6ccc(Oc7ccc8c(c7)C(=O)N(*)C8=O)c(C)c6)CCCCC5)cc4C)cc3C2=O)c1,0.874861212,0.74808748,-0.522878745,-1.311811188,0.037426498,-1.428913507
*C(=O)Nc1ccc(C(c2ccc(NC(=O)c3ccc(N4C(=O)c5ccc(*)cc5C4=O)cc3C)cc2)(C(F)(F)F)C(F)(F)F)cc1,1.295550342,1.408089865,0.447158031,-0.123735028,1.176091259,-0.077682824
*c1ccc2c(c1)C(=O)N(c1cccc(C(=O)Nc3ccc(C(c4ccc(NC(=O)c5cccc(N6C(=O)c7ccc(C(*)(C(F)(F)F)C(F)(F)F)cc7C6=O)c5)cc4)(C(F)(F)F)C(F)(F)F)cc3)c1)C2=O,0.483442734,0.850012616,0.361727836,-0.116473463,1.041392685,0.350690132
*c1ccc2c(c1)C(=O)N(c1cc(C(=O)Nc3ccc(C(c4ccc(NC(=O)c5ccc(C)c(N6C(=O)c7ccc(C(*)(C(F)(F)F)C(F)(F)F)cc7C6=O)c5)cc4)(C(F)(F)F)C(F)(F)F)cc3)ccc1C)C2=O,1.943255818,1.968137454,0.919078092,0.17099822,1.643452676,-0.094112082
*C(=O)Nc1ccc(C(c2ccc(NC(=O)c3ccc4c(c3)C(=O)N(c3c(C)cc(-c5cc(C)c(N6C(=O)c7ccc(*)cc7C6=O)c(C)c5)cc3C)C4=O)cc2)(C(F)(F)F)C(F)(F)F)cc1,0.469270243,1.578920356,0.973127854,0.488657308,1.748188027,0.863193187
*c1c(C)cc(C)c(N2C(=O)c3ccc(Oc4ccc(Oc5ccc6c(c5)C(=O)N(*)C6=O)cc4)cc3C2=O)c1C,1.456605379,1.602059991,0.645422269,-0.111027912,1.410959608,-0.017314438
*c1c(C)cc(C)c(-n2c(=O)c3cc4c(=O)n(*)c(=O)c4cc3c2=O)c1C,2.174147851,2.371067862,1.559906625,0.932465154,2.28037926,1.01834543
*c1ccc2c(c1)C(=O)N(c1c(C)cc(-c3cc(C)c(N4C(=O)c5ccc(C(*)(C(F)(F)F)C(F)(F)F)cc5C4=O)c4ccccc34)c3ccccc13)C2=O,2.403773758,2.681687603,2.149219113,1.685419627,2.981365509,1.968532891
*c1ccc2c(c1)C(=O)N(c1ccc(C(=O)Nc3ccc(C(c4ccc(NC(=O)c5ccc(N6C(=O)c7ccc(C(*)(C(F)(F)F)C(F)(F)F)cc7C6=O)cc5)cc4)(C(F)(F)F)C(F)(F)F)cc3)cc1)C2=O,1.280027335,1.421277922,0.633468456,-0.045967856,1.397940009,-0.045473767
*c1ccc2c(c1)C(=O)N(c1ccc(C(=O)Nc3ccc(C(c4ccc(NC(=O)c5ccc(N6C(=O)c7ccc(C(*)(C(F)(F)F)C(F)(F)F)cc7C6=O)c(C)c5)cc4)(C(F)(F)F)C(F)(F)F)cc3)cc1C)C2=O,1.860422993,1.867434699,0.785329835,-0.033171272,1.531478917,-0.339972808
*C(=O)Nc1ccc(Cc2ccc(NC(=O)c3ccc4c(c3)C(=O)N(c3c(C)cc(-c5cc(C)c(N6C(=O)c7ccc(*)cc7C6=O)c(C)c5)cc3C)C4=O)c(C)c2)cc1C,0.787023269,0.866455478,0.041392685,-0.584465138,0.740362689,-0.316954217
*c1ccc2c(c1)C(=O)N(c1cc(C(=O)Oc3ccc(C(c4ccc(OC(=O)c5ccc(C)c(N6C(=O)c7ccc(C(*)(C(F)(F)F)C(F)(F)F)cc7C6=O)c5)cc4)(C(F)(F)F)C(F)(F)F)cc3)ccc1C)C2=O,1.926685925,1.998852447,0.944482672,0.228657242,1.672097858,-0.00109247
*C(=O)Oc1ccc(C(c2ccc(OC(=O)c3ccc4c(c3)C(=O)N(c3c(C)cc(-c5cc(C)c(N6C(=O)c7ccc(*)cc7C6=O)c(C)c5)cc3C)C4=O)cc2)(C(F)(F)F)C(F)(F)F)cc1,0.831629569,1.579012024,1.021189299,0.549240403,1.77815125,0.918433484
*C(=O)Oc1c(C)cc(C(c2cc(C)c(OC(=O)c3ccc4c(c3)C(=O)N(c3c(C)cc(-c5cc(C)c(N6C(=O)c7ccc(*)cc7C6=O)c(C)c5)cc3C)C4=O)c(C)c2)(C(F)(F)F)C(F)(F)F)cc1C,1.994813952,2.179308748,1.276461804,0.762928896,2.041392685,1.011898614
*c1ccc2c(c1)C(=O)N(c1c(C)cc(-c3cc(C)c(-c4cc(C)c(N5C(=O)c6ccc(C(*)(C(F)(F)F)C(F)(F)F)cc6C5=O)c(C)c4)cc3C)cc1C)C2=O,1.606977249,1.993003823,1.740362689,1.282702775,2.369215857,1.697508124
*c1ccc(Oc2ccc(-c3ccc(Oc4ccc(N5C(=O)c6ccc(Oc7cccc(C(C)(C)c8cccc(Oc9ccc%10c(c9)C(=O)N(*)C%10=O)c8)c7)cc6C5=O)cc4)cc3C)c(C)c2)cc1,0.218413137,0.028648777,-0.991399828,-1.812243109,-0.555637393,-1.891754969
*CCCS(=O)(=O)CCCCS(=O)(=O)CCCOC(=O)O*,0.002575661,-0.178953965,-1.52574374,-2.236801351,-1.332080315,-2.049015323
*Oc1ccc2c(c1)C1(CC2(C)C)CC(C)(C)c2ccc(OC(*)=O)cc21,1.845116703,1.870287063,0.838849091,-0.007667703,1.47420792,-0.377603468
*Oc1ccc(C(C)(C)c2ccc(OC(*)=O)c(CC)c2)cc1CC,0.614238766,0.688143328,-0.142667504,-0.593348275,0.525044807,-0.496805474
*Oc1ccc(C(CCC)(CCC)c2ccc(OC(*)=O)c(C)c2)cc1C,0.842963105,0.884500296,0.120573931,-0.565998651,0.763427994,-0.330214836
*Oc1ccc(C(CCCCC)(CCCCC)c2ccc(OC(*)=O)cc2)cc1,1.781681945,2.056381805,0.534026106,-0.324742439,1.266061956,-0.167894405
*Nc1ccc(*)cc1,0.146128036,0.025305865,-1.327902142,-2.22184875,-0.630784143,-2.119186408
*Nc1ccc(*)cc1,0.618048097,0.563481085,-0.721246399,-1.522878745,-0.040958608,-1.523119706
*Nc1ccc(*)cc1OC,0.791690649,0.781036939,-0.694648631,-1.327902142,0.025305865,-1.425921493
*N=P(N=P(N=S(*)(=O)NCC)(NCC)NCC)(NCC)NCC,1.072415018,1.054160871,0.262201208,-0.350268409,0.905385332,-0.1126334
*N=P(N=P(N=S(*)(=O)NCCC)(NCCC)NCCC)(NCCC)NCCC,0.934057748,1.345021124,0.721246399,0.218896521,1.293953236,0.60984427
*N=P(N=P(N=S(*)(=O)NCCCC)(NCCCC)NCCCC)(NCCCC)NCCCC,1.748908414,1.904984747,1.152610163,0.411527367,1.537519466,0.277583301
*N=P(N=P(N=S(*)(=O)NCCCCCC)(NCCCCCC)NCCCCCC)(NCCCCCC)NCCCCCC,1.687895517,1.833743997,1.201971778,0.699509235,2.013957761,1.036133831
*Nc1ccc(*)cc1OCC,0.98811284,0.908485019,-0.207608311,-0.970616222,0.346352974,-1.092645406
*N=P(N=P(N=S(*)(=O)NCCCCCCC)(NCCCCCCC)NCCCCCCC)(NCCCCCCC)NCCCCCCC,1.67620858,1.837363515,1.176091259,0.672097858,1.953281618,0.998546527
*c1ccc(C(C#N)(C(=O)OCCCC)C(*)(C#N)C(=O)OCCCC)cc1,0.81478243,1.474567038,0.981818607,0.437750563,1.462271557,0.635721424
*c1ccc(C(C#N)(C(=O)OCCCC)C(*)(C#N)C(=O)OCCCC)cc1,1.689934828,1.835974389,1.201397124,0.700703717,2.016123194,1.032003497
*OC1OC(OCC)C(*)C(OCC)C1OCC,1.72427587,1.880813592,1.255272505,0.698970004,2.041392685,1.079181246
*OC1OC(OCC)C(*)C(OCC)C1OCC,1.672097858,1.832508913,1.176091259,0.633468456,1.959041392,0.963787827
*OC1OC(OCC)C(*)C(OCC)C1OCC,1.612783857,1.770852012,1.113943352,0.544068044,1.903089987,0.875061263
*OC1OC(OC(C)=O)C(*)C(OC(C)=O)C1OC(C)=O,1.176091259,1.079181246,-0.173925197,-0.853871964,0.662757832,-0.823908741
*OC1OC(OC(C)=O)C(*)C(OC(C)=O)C1OC(C)=O,0.924279286,0.755874856,-0.552841969,-1.356547324,0.230448921,-1.346787486
*C=Cc1ccc(*)cc1[Si](CC)(CC)CC,1.064933196,1.359825838,0.819543936,0.255272505,1.380211242,0.434643858
*C=Cc1ccc(*)cc1[Si](C)(C)C(C)(C)C,1.063859821,1.322775556,0.812913357,0.176091259,1.414973348,0.365338541
*C=Cc1ccc(*)cc1[Si](C)(C)CCCC,1.162736382,1.216787843,0.544068044,0.041392685,1.146128036,-0.022580065
*C=Cc1ccc(*)cc1[Si](C)(C)CCCCCCCC,1.060096034,1.548891238,1.079181246,0.591064607,1.77815125,1.042930967
*C=Cc1ccc(*)cc1[Si](C)(C)CCCCCCCCCCCCCCCCCCC,1.636950827,1.889195502,1.079181246,0.653212514,1.785329835,0.898442811
*C=CCCC*,2.380211242,2.618048097,2.491361694,2,3.301029996,2.633468456
*Cc1ccc(C*)cc1,0.397940009,0.505149978,-0.619788758,-1.327902142,0.113943352,-1.392416367
*Cc1ccc(C*)c(Cl)c1,-0.004364805,-0.180456064,-1.522878745,-2.251811973,-1.337242168,-2.049015323
*CCCCCNC(=O)CCCCC(=O)N*,0.091703922,-0.168135229,-1.468521083,-2.156728136,-0.769551079,-2.051143584
*c1ccc(NC(=O)c2ccc3c(c2)C(=O)N(c2ccc(Oc4ccc(NC(=O)c5ccc6c(c5)C(=O)N(*)C6=O)cc4)cc2)C3=O)cc1,0.742725131,0.64738297,-0.673664139,-1.431798276,-0.080921908,-1.522878745
*CCCCCC(=O)O*,0.812905577,1.314831804,-0.007446482,-0.823908741,0.546724246,-0.970839445
*OC(=O)C(*)C,0.477121255,0.533724519,-0.585026652,-1.301029996,0.041392685,-1.443697499
*OC(=O)C(*)C,0.214780729,0.082365905,-0.744727495,-1.698970004,-0.292429824,-1.720871537
*OC(=O)C(*)C,0.558259748,0.514751442,-0.769551079,-1.522878745,-0.148741651,-1.597622764
*OC(=O)C(*)C,0.851141682,0.753860542,-0.588380294,-1.320743328,0.039693771,-1.431736206
*OC(=O)C(*)C,0.878159336,0.727141578,-0.477555766,-1.297586241,0.084068553,-1.437557414
*OC(=O)C(*)C,0.495212131,0.513428542,-0.55129368,-1.300206462,0.172252541,-1.357186966
*c1ccc(-c2ccc(Oc3ccc(C4(c5ccc(Oc6ccc(-c7ccc(N8C(=O)c9ccc(C(c%10ccc%11c(c%10)C(=O)N(*)C%11=O)(C(F)(F)F)C(F)(F)F)cc9C8=O)cc7)cc6C(F)(F)F)cc5)c5ccccc5C(=O)N4c4ccccc4)cc3)c(C(F)(F)F)c2)cc1,1.917529481,2.00319119,1.009875634,0.23299611,1.731185708,0.004321374
*c1ccc(-c2ccc(Oc3ccc(C4(c5ccc(Oc6ccc(-c7ccc(N8C(=O)c9ccc(C(=O)c%10ccc%11c(c%10)C(=O)N(*)C%11=O)cc9C8=O)cc7)cc6C(F)(F)F)cc5)c5ccccc5C(=O)N4c4ccccc4)cc3)c(C(F)(F)F)c2)cc1,1.265479547,1.430566274,0.636487896,-0.080921908,1.232742063,-0.207608311
*c1ccc(-c2ccc(Oc3ccc(C4(c5ccc(Oc6ccc(-c7ccc(N8C(=O)c9ccc(Oc%10ccc%11c(c%10)C(=O)N(*)C%11=O)cc9C8=O)cc7)cc6C(F)(F)F)cc5)c5ccccc5C(=O)N4c4ccccc4)cc3)c(C(F)(F)F)c2)cc1,1.181033018,1.249788847,0.625312451,-0.017728767,1.164055292,-0.075720714
*c1ccc(-c2ccc(Oc3ccc(C4(c5ccc(Oc6ccc(-c7ccc(-n8c(=O)c9cc%10c(=O)n(*)c(=O)c%10cc9c8=O)cc7)cc6C(F)(F)F)cc5)c5ccccc5C(=O)N4c4ccccc4)cc3)c(C(F)(F)F)c2)cc1,1.906624206,1.935427147,0.881954971,0.079181246,1.59736605,-0.102372909
*c1ccc(Oc2ccc(-c3ccc(-c4ccc(-c5ccc(Oc6ccc(N7C(=O)c8ccc(C(c9ccc%10c(c9)C(=O)N(*)C%10=O)(C(F)(F)F)C(F)(F)F)cc8C7=O)cc6)c(C(F)(F)F)c5)cc4)cc3)cc2C(F)(F)F)cc1,1.774545223,1.907919829,1.232487866,0.492760389,1.563599729,0.178976947
*c1ccc(Oc2ccc(-c3ccc(-c4ccc(Oc5ccc(N6C(=O)c7ccc(C(c8ccc9c(c8)C(=O)N(*)C9=O)(C(F)(F)F)C(F)(F)F)cc7C6=O)cc5)c(C(F)(F)F)c4)cc3)cc2C(F)(F)F)cc1,1.778900474,1.905437021,1.180985581,0.457881897,1.520090328,0.075546961
*c1ccc(Oc2ccc(-c3cccc(-c4ccc(Oc5ccc(N6C(=O)c7ccc(C(c8ccc9c(c8)C(=O)N(*)C9=O)(C(F)(F)F)C(F)(F)F)cc7C6=O)cc5)c(C(F)(F)F)c4)n3)cc2C(F)(F)F)cc1,1.763523642,1.915584684,1.084576278,0.281033367,1.715334684,0.290034611
*c1ccc(Oc2ccc(-c3ccc(-c4ccc(Oc5ccc(N6C(=O)c7ccc(C(c8ccc9c(c8)C(=O)N(*)C9=O)(C(F)(F)F)C(F)(F)F)cc7C6=O)cc5)c(C(F)(F)F)c4)s3)cc2C(F)(F)F)cc1,1.890645078,2.0309145,1.066325925,0.250420002,1.656194062,0.225309282
*c1ccc(-c2ccc(Oc3ccc4c(c3)C3(CC4(C)C)CC(C)(C)c4ccc(Oc5ccc(-c6ccc(N7C(=O)c8ccc(Oc9ccc(C(C)(C)c%10ccc(Oc%11ccc%12c(c%11)C(=O)N(*)C%12=O)cc%10)cc9)cc8C7=O)cc6)cc5C(F)(F)F)cc43)c(C(F)(F)F)c2)cc1,1.824140795,1.945292781,0.996511672,0.008600172,1.377852419,-0.455931956
*c1ccc(-c2ccc(Oc3ccc4c(c3)C3(CC4(C)C)CC(C)(C)c4ccc(Oc5ccc(-c6ccc(N7C(=O)c8ccc(C(c9ccc%10c(c9)C(=O)N(*)C%10=O)(C(F)(F)F)C(F)(F)F)cc8C7=O)cc6)cc5C(F)(F)F)cc43)c(C(F)(F)F)c2)cc1,2.021497056,2.129592984,1.557266529,0.525044807,1.724111954,0.08278537
*c1ccc(-c2ccc(Oc3ccc4c(c3)C3(CC4(C)C)CC(C)(C)c4ccc(Oc5ccc(-c6ccc(N7C(=O)c8ccc(Oc9ccc%10c(c9)C(=O)N(*)C%10=O)cc8C7=O)cc6)cc5C(F)(F)F)cc43)c(C(F)(F)F)c2)cc1,1.816474036,1.962755636,1.116275588,0.049218023,1.354876423,-0.387216143
*Oc1cc2c(cc1O*)C1(CC2(C)C)CC(C)(C)c2cc3c(cc21)Oc1c(C#N)c(*)c(*)c(C#N)c1O3,3.176091259,3.556302501,3.113943352,2.531478917,3.812913357,2.633468456
*Oc1cc2c(cc1O*)C1(CC2(C)C)CC(C)(C)c2cc3c(cc21)Oc1c(C#N)c(*)c(*)c(C#N)c1O3,3.025305865,3.367728546,2.895422546,2.376576957,3.543571424,2.556302501
*Oc1cc2c(cc1O*)C1(CC2(C)C)CC(C)(C)c2cc3c(cc21)Oc1c(C#N)c(*)c(*)c(C#N)c1O3,3.127104798,3.467756051,2.986323777,2.401400541,3.724521627,2.505149978
*Oc1cc2c(cc1O*)C1(CC2(C)C)CC(C)(C)c2cc3c(cc21)Oc1c(C#N)c(*)c(*)c(C#N)c1O3,3.127104798,3.467756051,2.986323777,2.401400541,3.724521627,2.505149978
*c1c(C)cc(-c2cc(C)c(N3C(=O)c4cc5c(cc4C3=O)C3(C)CCC5(C)c4cc5c(cc43)C(=O)N(*)C5=O)c3ccccc23)c2ccccc12,3.198657087,3.626340367,3.139879086,2.567026366,3.86569606,2.6599162
*c1c(C)cc(-c2cc(C)c(N3C(=O)c4cc5c(cc4C3=O)C3(C)CCC5(C)c4cc5c(cc43)C(=O)N(*)C5=O)c3ccccc23)c2ccccc12,3.053078443,3.456366033,2.818885415,2.117271296,3.509202522,2.193124598
*Oc1c(C#N)c2c(c(C#N)c1O*)Oc1cc3c(cc1O2)-c1ccccc1C31c2ccccc2-c2cc(*)c(*)cc21,3.342422681,3.800717078,3.421603927,2.895422546,4.1430148,3.041392685
*Oc1c(C#N)c2c(c(C#N)c1O*)Oc1cc3c(cc1O2)-c1ccccc1C31c2ccccc2-c2cc(*)c(*)cc21,3.264817823,3.719331287,3.290034611,2.743509765,4.017033339,2.877371346
*CN1CN(*)Cc2cc3c(cc21)C1(C)CCC3(C)c2cc(*)c(*)cc21,3.409933123,3.889861721,3.33243846,2.720159303,3.853698212,2.844477176
*CN1CN(*)Cc2cc3c(cc21)C1(C)CCC3(C)c2cc(*)c(*)cc21,3.434568904,3.863917377,3.212187604,2.579783597,3.707570176,2.757396029
*CN1CN(*)Cc2cc3c(cc21)C1(C)CCC3(C)c2cc(*)c(*)cc21,3.315970345,3.789228057,3.201397124,2.568201724,3.679427897,2.700703717
*CN1CN(*)Cc2cc3c(cc21)C1(CC(C)(C)c2cc(*)c(*)cc21)CC3(C)C,2.943494516,3.342422681,2.857332496,2.365487985,3.462397998,2.653212514
*CN1CN(*)Cc2cc3c(cc21)C1(CC(C)(C)c2cc(*)c(*)cc21)CC3(C)C,2.933487288,3.324282455,2.81756537,2.33243846,3.434568904,2.608526034
*Oc1ccc(-c2c(-c3ccccc3)c(-c3ccccc3)c(-c3ccc4c(c3)Oc3c(C#N)c(*)c(*)c(C#N)c3O4)c(-c3ccccc3)c2-c2ccccc2)cc1O*,2.505149978,2.82672252,2.344392274,1.832508913,3.214843848,2.093421685
*Oc1ccc(-c2c(-c3ccccc3)c(-c3ccccc3)c(-c3ccc4c(c3)Oc3c(C#N)c(*)c(*)c(C#N)c3O4)c(-c3ccccc3)c2-c2ccccc2)cc1O*,2.772321707,3.150142162,2.727541257,2.278753601,3.579783597,2.557507202
*Oc1ccc(-c2c(-c3ccccc3)c(-c3ccccc3)c(-c3ccc4c(c3)Oc3c(C#N)c(*)c(*)c(C#N)c3O4)c(-c3ccccc3)c2-c2ccccc2)cc1O*,2.640481437,3,2.531478917,2.029383778,3.378397901,2.283301229
*Oc1ccc(-c2c(-c3ccc(C)cc3)c(-c3ccc(C)cc3)c(-c3ccc4c(c3)Oc3c(C#N)c(*)c(*)c(C#N)c3O4)c(-c3ccc(C)cc3)c2-c2ccc(C)cc2)cc1O*,2.396199347,2.699837726,2.187520721,1.662757832,2.995635195,1.913813852
*Oc1ccc(-c2c(-c3ccc(C)cc3)c(-c3ccc(C)cc3)c(-c3ccc4c(c3)Oc3c(C#N)c(*)c(*)c(C#N)c3O4)c(-c3ccc(C)cc3)c2-c2ccc(C)cc2)cc1O*,2.761927838,3.086359831,2.610660163,2.086359831,3.418301291,2.361727836
*Oc1ccc(-c2c(-c3ccc(C)cc3)c(-c3ccc(C)cc3)c(-c3ccc4c(c3)Oc3c(C#N)c(*)c(*)c(C#N)c3O4)c(-c3ccc(C)cc3)c2-c2ccc(C)cc2)cc1O*,2.615950052,2.932473765,2.408239965,1.77815125,3.212187604,2.120573931
*Oc1ccc(-c2c(-c3ccc(Br)cc3)c(-c3ccc(Br)cc3)c(-c3ccc4c(c3)Oc3c(C#N)c(*)c(*)c(C#N)c3O4)c(-c3ccc(Br)cc3)c2-c2ccc(Br)cc2)cc1O*,1.960946196,2.187520721,1.482873584,0.799340549,2.276461804,1.004321374
*Oc1ccc(-c2c(-c3ccc(Br)cc3)c(-c3ccc(Br)cc3)c(-c3ccc4c(c3)Oc3c(C#N)c(*)c(*)c(C#N)c3O4)c(-c3ccc(Br)cc3)c2-c2ccc(Br)cc2)cc1O*,2.593286067,2.968482949,2.478566496,1.963787827,3.328379603,2.247973266
*Oc1ccc(-c2c(-c3ccc(Br)cc3)c(-c3ccc(Br)cc3)c(-c3ccc4c(c3)Oc3c(C#N)c(*)c(*)c(C#N)c3O4)c(-c3ccc(Br)cc3)c2-c2ccc(Br)cc2)cc1O*,2.494154594,2.84135947,2.307496038,1.73239376,3.155336037,2.008600172
*Oc1ccc(-c2c(-c3ccc(C#N)cc3)c(-c3ccc(C#N)cc3)c(-c3ccc4c(c3)Oc3c(C#N)c(*)c(*)c(C#N)c3O4)c(-c3ccc(C#N)cc3)c2-c2ccc(C#N)cc2)cc1O*,2.053078443,2.257678575,1.571708832,0.892094603,2.357934847,1.10720997
*Oc1ccc(-c2c(-c3ccc(C#N)cc3)c(-c3ccc(C#N)cc3)c(-c3ccc4c(c3)Oc3c(C#N)c(*)c(*)c(C#N)c3O4)c(-c3ccc(C#N)cc3)c2-c2ccc(C#N)cc2)cc1O*,2.733197265,3.079181246,2.586587305,2.089905111,3.378397901,2.326335861
*Oc1ccc(-c2c(-c3ccc(C#N)cc3)c(-c3ccc(C#N)cc3)c(-c3ccc4c(c3)Oc3c(C#N)c(*)c(*)c(C#N)c3O4)c(-c3ccc(C#N)cc3)c2-c2ccc(C#N)cc2)cc1O*,2.557507202,2.86569606,2.311753861,1.716003344,3.113943352,1.968482949
*CN1CN(*)Cc2cc(C3(c4cc(*)c(*)c(C)c4)C4CC5CC(C4)CC3C5)cc(C)c21,2.066607261,2.20790353,1.604226053,1.050766311,2.302114377,1.271841607
*CN1CN(*)Cc2cc(C3(c4cc(*)c(*)c(C)c4)C4CC5CC(C4)CC3C5)cc(C)c21,2.889722828,3.255272505,2.640481437,2.08278537,3.260071388,2.209515015
*CN1CN(*)Cc2cc(C3(c4cc(*)c(*)c(C)c4)C4CC5CC(C4)CC3C5)cc(C)c21,2.594978127,2.872156273,2.161368002,1.51851394,2.802773725,1.612783857
*Oc1cc2c(cc1O*)C1(CC2(C)C)CC(C)(C)c2cc3c(cc21)Oc1cc2nc4cc5c(cc4nc2cc1O3)C(C)(C)CC51CC(C)(C)c2cc3nc4cc(*)c(*)cc4nc3cc21,2.643452676,2.934498451,2.278753601,1.62324929,3.041392685,1.792391689
*Oc1ccc(C2(c3ccc4c(c3)Oc3cc5nc6cc7c(cc6nc5cc3O4)C(C)(C)CC73CC(C)(C)c4cc5nc6cc(*)c(*)cc6nc5cc43)c3ccccc3-c3ccccc32)cc1O*,2.230448921,2.505149978,1.770852012,1.113943352,2.633468456,1.342422681
*CN1CN(*)Cc2cc3c(cc21)C1c2ccccc2C3c2cc(*)c(*)cc21,3.397940009,3.905202029,3.434249452,2.798650645,3.987174501,2.956648579
*CN1CN(*)Cc2cc3c(cc21)C1c2ccccc2C3c2cc(*)c(*)cc21,3.200029267,3.675778342,3.030599722,2.276461804,3.59670703,2.338456494
*Oc1cc2c(cc1O*)C(C)(C)CC1(CC(C)(C)c3cc4c(cc3O1)Oc1c(C#N)c(*)c(*)c(C#N)c1O4)O2,2.51851394,2.77815125,2.176091259,1.602059991,3.029383778,1.748188027
*Oc1cc2c(cc1O*)C(C)(C)CC1(CC(C)(C)c3cc4c(cc3O1)Oc1c(C#N)c(*)c(*)c(C#N)c1O4)O2,2.653212514,2.954242509,2.439332694,1.919078092,3.301029996,2.113943352
*Oc1cc2c(cc1O*)C1(CC2(C)CC)c2cc3c(cc2C(C)(CC)C1C)Oc1c(C#N)c(*)c(*)c(C#N)c1O3,2.944482672,3.322219295,2.913813852,2.505149978,3.785329835,2.763427994
*Oc1cc2c(cc1O*)C1(CC2(C)C)CC(C)(C)c2cc3oc4cc5c(=O)n(-c6c(C)c(C)c(N7C(=O)c8cc(*)c(*)cc8C7=O)c(C)c6C)c(=O)c5cc4oc3cc21,2.414973348,2.72427587,2.176091259,1.672097858,3.041392685,1.886490725
*Oc1cc2c(cc1O*)C1(CC2(C)C)CC(C)(C)c2cc3oc4cc5c(=O)n(-c6ccc(C(c7ccc(N8C(=O)c9cc(*)c(*)cc9C8=O)cc7)(C(F)(F)F)C(F)(F)F)cc6)c(=O)c5cc4oc3cc21,2.278753601,2.556302501,1.929418926,1.361727836,2.716003344,1.431363764
*Oc1cc2c(cc1O*)C1(CC2(C)C)CC(C)(C)c2cc3oc4cc5c(=O)n(-c6c(C)cc(-c7cc(C)c(N8C(=O)c9cc(*)c(*)cc9C8=O)c8ccccc78)c7ccccc67)c(=O)c5cc4oc3cc21,2.819543936,3.204119983,2.736396502,2.204119983,3.568201724,2.414973348
*c1cc(C(c2ccc(C)c(-n3c(=O)c4cc5oc6cc7c(cc6oc5cc4c3=O)C3(CC(C)(C)c4cc5oc6cc8c(=O)n(*)c(=O)c8cc6oc5cc43)CC7(C)C)c2)(C(F)(F)F)C(F)(F)F)ccc1C,2.204119983,2.342422681,1.591064607,0.954242509,2.322219295,0.954242509
*c1ccc(-c2ccc(-n3c(=O)c4cc5oc6cc7c(cc6oc5cc4c3=O)C3(CC(C)(C)c4cc5oc6cc8c(=O)n(*)c(=O)c8cc6oc5cc43)CC7(C)C)cc2C(F)(F)F)c(C(F)(F)F)c1,2.311753861,2.477121255,1.806179974,1.204119983,2.62324929,1.301029996
*c1cccc2c(-n3c(=O)c4cc5oc6cc7c(cc6oc5cc4c3=O)C3(CC(C)(C)c4cc5oc6cc8c(=O)n(*)c(=O)c8cc6oc5cc43)CC7(C)C)cccc12,2.278753601,2.544068044,1.886490725,1.278753601,2.707570176,1.431363764
*c1c(C)c(C)c(N2C(=O)c3cc4c(cc3C2=O)C2(CC(C)(C)c3cc5c(cc32)C(=O)N(*)C5=O)CC4(C)C)c(C)c1C,2.602059991,2.924279286,2.469822016,1.973127854,3.338456494,2.230448921
*c1c(C)c(C)c(N2C(=O)c3cc4c(cc3C2=O)C2(CC(C)(C)c3cc5c(cc32)C(=O)N(*)C5=O)CC4(C)C)c(C)c1C,3.064457989,3.475671188,3.06069784,2.62324929,3.755874856,2.785329835
*c1c(C)cc(-c2cc(C)c(N3C(=O)c4cc5c(cc4C3=O)C3(CC(C)(C)c4cc6c(cc43)C(=O)N(*)C6=O)CC5(C)C)c3ccccc23)c2ccccc12,2.477121255,2.826074803,2.431363764,1.924279286,3.333245699,2.225309282
*c1c(C)cc(-c2cc(C)c(N3C(=O)c4cc5c(cc4C3=O)C3(CC(C)(C)c4cc6c(cc43)C(=O)N(*)C6=O)CC5(C)C)c3ccccc23)c2ccccc12,2.977723605,3.408239965,3.004321374,2.531478917,3.771587481,2.740362689
*c1ccc2c(c1)C1(CC2(C)C)CC(C)(C)c2ccc(N3C(=O)c4cc5c(cc4C3=O)C3(CC(C)(C)c4cc6c(cc43)C(=O)N(*)C6=O)CC5(C)C)cc21,2.521138084,2.79518459,2.318063335,1.812913357,3.182699903,2.11058971
*c1cc2c(cc1*)C1(C(C)C)c3ccccc3C2(C(C)C)c2cc3c(cc21)Oc1cc2nc(*)c(*)nc2cc1O3,2.588512673,3.043362278,1.785329835,0.850646235,2.486615624,0.861534411
*Oc1cc2c(cc1O*)C(=O)N(c1c(C)c(C)c(-n3c(=O)c4cc5oc6cc7c(cc6oc5cc4c3=O)C3(C(C)C)c4ccccc4C7(C(C)C)c4cc(*)c(*)cc43)c(C)c1C)C2=O,3.035887542,3.535420718,2.733999287,1.941610802,3.395818672,1.922621672
*CN1CN(*)Cc2cc3c(cc21)C1c2ccccc2C3c2cc(*)c(*)cc21,3.20063766,3.675778342,3.030599722,2.274734985,3.599692877,2.333346498
*CN1CN(*)Cc2cc3c(cc21)C1(C)CCC3(C)c2cc(*)c(*)cc21,3.202678641,3.647578554,2.969881644,2.270911639,3.590979135,2.346548559
*c1cc(C(c2ccc(O)c(N3C(=O)c4cc5c(cc4C3=O)C3(C)c4ccccc4C5(C)c4cc5c(cc43)C(=O)N(*)C5=O)c2)(C(F)(F)F)C(F)(F)F)ccc1O,1.963787827,1.973127854,0.929418926,0.176091259,1.602059991,-0.13667714
*c1cc(C(c2ccc(O)c(N3C(=O)c4cc5c(cc4C3=O)C3(C)c4ccccc4C5(C)c4cc5c(cc43)C(=O)N(*)C5=O)c2)(C(F)(F)F)C(F)(F)F)ccc1O,1.84509804,1.86332286,0.806179974,-0.045757491,1.477121255,-0.397940009
*c1c(C)cc(-c2cc(C)c(N3C(=O)c4cc5c(cc4C3=O)C3(C)c4ccccc4C5(C)c4cc5c(cc43)C(=O)N(*)C5=O)c3ccccc23)c2ccccc12,3.072617477,3.484299839,2.893761762,2.260071388,3.568201724,2.334453751
*c1c(C)cc(-c2cc(C)c(N3C(=O)c4cc5c(cc4C3=O)C3(C)c4ccccc4C5(C)c4cc5c(cc43)C(=O)N(*)C5=O)c3ccccc23)c2ccccc12,2.95568775,3.385606274,2.784617293,2.127104798,3.477121255,2.198657087
*c1c(C)cc(-c2cc(C)c(N3C(=O)c4cc5c(cc4C3=O)C3(C(C)C)c4ccccc4C5(C(C)C)c4cc5c(cc43)C(=O)N(*)C5=O)c3ccccc23)c2ccccc12,2.960470778,3.348888723,2.773786445,2.204119983,3.498861689,2.324282455
*c1c(C)cc(-c2cc(C)c(N3C(=O)c4cc5c(cc4C3=O)C3(C(C)C)c4ccccc4C5(C(C)C)c4cc5c(cc43)C(=O)N(*)C5=O)c3ccccc23)c2ccccc12,2.954242509,3.325104983,2.703291378,2.113943352,3.426511261,2.230448921
*Oc1cc2c(cc1O*)C1(C)c3cc4c(cc3C2(C)c2cc3cc5c(cc3cc21)C(C)(C)CCC5(C)C)Oc1c(C#N)c(*)c(*)c(C#N)c1O4,3.804139432,4.227886705,3.873320602,3.348304863,4.522444234,3.534026106
*Oc1cc2c(cc1O*)C1(C)c3cc4c(cc3C2(C)c2cc3cc5c(cc3cc21)C(C)(C)CCC5(C)C)Oc1c(C#N)c(*)c(*)c(C#N)c1O4,3.551449998,3.981818607,3.662757832,3.103803721,4.352182518,3.392696953
*Oc1cc2c(cc1O*)C1(C)c3cc4c(cc3C2(C)c2cc3cc5c(cc3cc21)C(C)(C)CCC5(C)C)Oc1c(C#N)c(*)c(*)c(C#N)c1O4,3.688419822,4.127104798,3.774516966,3.26245109,4.431363764,3.413299764
*Oc1cc2c(cc1O*)C1(C)c3cc4c(cc3C2(C)c2cc3cc5c(cc3cc21)C(C)(C)CCC5(C)C)Oc1c(C#N)c(*)c(*)c(C#N)c1O4,3.59439255,3.992995098,3.499687083,2.861534411,4.149219113,2.974511693
*Oc1cc2c(cc1O*)C1(C)c3cc4c(cc3C2(C)c2cc3cc5c(cc3cc21)C(C)(C)CCC5(C)C)Oc1c(C#N)c(*)c(*)c(C#N)c1O4,3.764922985,4.212187604,3.943494516,3.547774705,4.609594409,3.783188691
*Oc1cc2c(cc1O*)C1(C)c3cc4c(cc3C2(C)c2cc3cc5c(cc3cc21)C(C)(C)CCC5(C)C)Oc1c(C#N)c(*)c(*)c(C#N)c1O4,3.757396029,4.198657087,3.876217841,3.369215857,4.584331224,3.626340367
*Oc1c(C#N)c2c(c(C#N)c1O*)Oc1cc3c(cc1O2)-c1cc2c(cc1C31c3cc(*)c(*)cc3-c3cc4c(cc31)C(C)(C)CCC4(C)C)C(C)(C)CCC2(C)C,3.434568904,3.85672889,3.505149978,3.033423755,4.243038049,3.322219295
*Oc1c(C#N)c2c(c(C#N)c1O*)Oc1cc3c(cc1O2)-c1cc2c(cc1C31c3cc(*)c(*)cc3-c3cc4c(cc31)C(C)(C)CCC4(C)C)C(C)(C)CCC2(C)C,2.810232518,3.136720567,2.685741739,2.204119983,3.474216264,2.477121255
*CN1Cc2cc3c(cc2N(*)C1)C1c2cc(*)c(*)cc2C3c2cc3cc4c(cc3cc21)C(C)(C)CCC4(C)C,3.361727836,3.785329835,3.307496038,2.597695186,3.782472624,2.851258349
*Oc1cc2c(cc1O*)C1(CC2(C)C)CC(C)(C)c2cc3c(cc21)Oc1c(C#N)c(*)c(*)c(C#N)c1O3,3.301029996,3.697229343,3.330413773,2.783188691,4.08278537,2.960946196
*Oc1cc2c(cc1O*)C1(CC2(C)C)CC(C)(C)c2cc3c(cc21)Oc1c(CN)c(*)c(*)c(CN)c1O3,3.103803721,3.465382851,3.012837225,2.45331834,3.753583059,2.665580991
*Oc1cc2c(cc1O*)C1(CC2(C)C)CC(C)(C)c2cc3c(cc21)Oc1c(CN)c(*)c(*)c(CN)c1O3,3.206825876,3.588831726,3.139879086,2.595496222,3.913283902,2.767897616
*Oc1cc2c(cc1O*)C1(CC2(C)C)CC(C)(C)c2cc3c(cc21)Oc1c(CN)c(*)c(*)c(CN)c1O3,2.927370363,3.33243846,2.753583059,2.120573931,3.201397124,2.206825876
*Oc1cc2c(cc1O*)C1(CC2(C)C)CC(C)(C)c2cc3c(cc21)Oc1c(CN)c(*)c(*)c(CN)c1O3,3.033423755,3.45484486,3.004321374,2.50242712,3.482873584,2.725094521
*Oc1cc2c(cc1O*)C1(CC2(C)C)CC(C)(C)c2cc3c(cc21)Oc1c(CN)c(*)c(*)c(CN)c1O3,2.935507266,3.357934847,2.876217841,2.322219295,3.161368002,2.555094449
*Oc1cc2c(cc1O*)C1(CC2(C)C)CC(C)(C)c2cc3c(cc21)Oc1c(CN)c(*)c(*)c(CN)c1O3,2.90579588,3.257678575,2.740362689,2.120573931,2.894869657,2.250420002
*Oc1cc2c(cc1O*)C1(CC2(C)C)CC(C)(C)c2cc3c(cc21)Oc1c(CN)c(*)c(*)c(CN)c1O3,3.025305865,3.418301291,2.878521796,2.222716471,3.240549248,2.408239965
*Oc1cc2c(cc1O*)C1(CC2(C)C)CC(C)(C)c2cc3c(cc21)Oc1c(CN)c(*)c(*)c(CN)c1O3,2.898725182,3.298853076,2.782472624,2.222716471,3.068185862,2.409933123
*Oc1cc2c(cc1O*)C1(CC2(C)C)CC(C)(C)c2cc3c(cc21)Oc1c(CN)c(*)c(*)c(CN)c1O3,2.923244019,3.338456494,2.822168079,2.245512668,3.012837225,2.380211242
*CN1CN(*)Cc2cc3cc4c(cc3cc21)C1CC4c2cc3cc4c(cc3cc21)CN(*)CN4C*,3.117271296,3.607455023,2.999565488,2.301029996,3.544068044,2.421603927
*CN1CN(*)Cc2cc3cc4c(cc3cc21)C1CC4c2cc3cc4c(cc3cc21)CN(*)CN4C*,2.980457892,3.445604203,2.811575006,2.096910013,3.369215857,2.198657087
*CN1CN(*)Cc2cc3cc4c(cc3cc21)C1CC4c2cc3cc4c(cc3cc21)CN(*)CN4C*,2.691965103,3.049218023,2.127104798,1.330413773,2.80140371,1.414973348
*CN1CN(*)Cc2cc3cc4c(cc3cc21)C1CC4c2cc3cc4c(cc3cc21)CN(*)CN4C*,2.565847819,2.909556029,1.946452265,1.123851641,2.5774918,1.167317335
*Oc1c(C#N)c2c(c(C#N)c1O*)Oc1cc3c(cc1O2)-c1ccccc1C31c2ccccc2-c2cc(*)c(*)cc21,3.193124598,3.636487896,3.152288344,2.531478917,3.946943271,2.725911632
*Oc1c(C#N)c2c(c(C#N)c1O*)Oc1cc3c(cc1O2)-c1ccccc1C31c2ccccc2-c2cc(*)c(*)cc21,2.960946196,3.340444115,2.686636269,1.942008053,3.382017043,2.008600172
*Oc1c(C#N)c2c(c(C#N)c1O*)Oc1cc3c(cc1O2)-c1cc(C)c(C)cc1C31c2cc(*)c(*)cc2-c2cc(C)c(C)cc21,3.492760389,3.961895474,3.582063363,3.06069784,4.348304863,3.305351369
*Oc1c(C#N)c2c(c(C#N)c1O*)Oc1cc3c(cc1O2)-c1cc(C)c(C)cc1C31c2cc(*)c(*)cc2-c2cc(C)c(C)cc21,3.230448921,3.627365857,2.959041392,2.220108088,3.587710965,2.264817823
*Oc1c(C#N)c2c(c(C#N)c1O*)Oc1cc3c(cc1O2)-c1ccccc1C31c2cc(*)c(*)cc2-c2cc(C)c(C)cc21,3.294686624,3.737192643,3.260071388,2.665580991,4.037426498,2.943494516
*Oc1c(C#N)c2c(c(C#N)c1O*)Oc1cc3c(cc1O2)-c1ccccc1C31c2cc(*)c(*)cc2-c2cc(C)c(C)cc21,3.103803721,3.527629901,2.984527313,2.340444115,3.685741739,2.394451681
*Oc1c(C#N)c2c(c(C#N)c1O*)Oc1cc3c(cc1O2)-c1ccc(C)cc1C31c2cc(C)ccc2-c2cc(*)c(*)cc21,3.285557309,3.69019608,3.245512668,2.675778342,4.025305865,2.921166051
*Oc1c(C#N)c2c(c(C#N)c1O*)Oc1cc3c(cc1O2)-c1ccc(C)cc1C31c2cc(C)ccc2-c2cc(*)c(*)cc21,3.167317335,3.597695186,3.100370545,2.456366033,3.80685803,2.519827994
*Oc1c(C#N)c2c(c(C#N)c1O*)Oc1cc3c(cc1O2)-c1ccc(C(C)(C)C)cc1C31c2cc(C(C)(C)C)ccc2-c2cc(*)c(*)cc21,3.31386722,3.747411808,3.439332694,3.033423755,4.214843848,3.394451681
*Oc1c(C#N)c2c(c(C#N)c1O*)Oc1cc3c(cc1O2)-c1ccc(C(C)(C)C)cc1C31c2cc(C(C)(C)C)ccc2-c2cc(*)c(*)cc21,3.26245109,3.673020907,3.271841607,2.740362689,4,2.966141733
*C1C(*)C2CC1C1CC([Si](C)(C)C)C21,2.968482949,3.31386722,2.995635195,2.591064607,3.72427587,3.004321374
*=CC1CC(C=*)C2C1C([Si](O[Si](C)(C)C)(O[Si](C)(C)C)O[Si](C)(C)C)C2[Si](O[Si](C)(C)C)(O[Si](C)(C)C)O[Si](C)(C)C,2.62324929,2.838849091,2.469822016,2,3.064457989,2.477121255
*CC1CC(C*)C2C1C([Si](O[Si](C)(C)C)(O[Si](C)(C)C)O[Si](C)(C)C)C2[Si](O[Si](C)(C)C)(O[Si](C)(C)C)O[Si](C)(C)C,2.477121255,2.662757832,2.342422681,1.875061263,2.924279286,2.33243846
*C1C2CC(C1*)C([Si](C)(C)C)C2,2.780580449,3.144230174,2.821456845,2.505149978,3.516663566,2.897627091
*C1C2CC(C1*)C([Si](C)(C)C)C2,3.707570176,3.826074803,3.230448921,3.397940009,2.397940009,3.1430148
*O[Si](*)(C)C,2.780580449,3.144230174,2.821456845,2.505149978,3.516663566,2.897627091
*/C(=C(\*)c1ccc(C(C)(C)C)cc1)c1ccc(O[Si](C)(C)C(C)(C)C)cc1,2.72427587,3,2.672097858,2.322219295,3.361727836,2.73239376
*/C(=C(\*)c1cccc(O[Si](C)(C)C(C)(C)C)c1)c1ccc(C(C)(C)C)cc1,3.204119983,3.591064607,3.322219295,3.113943352,3.857332496,3.51851394
*/C(=C(\*)c1ccc([Si](C)(C)C)cc1)c1ccc(O[Si](C)(C)C(C)(C)C)cc1,2.897627091,3.176091259,2.919078092,2.591064607,3.579783597,3.041392685
*/C(=C(\*)c1cccc(O[Si](C)(C)C(C)(C)C)c1)c1ccc([Si](C)(C)C)cc1,2.924279286,3.204119983,2.908485019,2.633468456,3.462397998,3.041392685
*/C(=C(\*)c1ccc(C(C)(C)C)cc1)c1ccc(O)cc1,2.278753601,2.531478917,1.913813852,1.361727836,2.72427587,1.662757832
*/C(=C(\*)c1cccc(O)c1)c1ccc(C(C)(C)C)cc1,2.908485019,3.230448921,2.763427994,2.322219295,3.477121255,2.69019608
*/C(=C(\*)c1ccc2c(c1)C(C)(C)c1ccccc1-2)c1ccccc1,3.505149978,3.908485019,3.681241237,3.51851394,4.230448921,3.959041392
*/C(=C(\*)c1ccc2c(c1)C(C)(C)c1ccccc1-2)c1ccc(F)cc1,3.662757832,4.041392685,3.792391689,3.672097858,4.322219295,4.041392685
*/C(=C(\*)c1ccc2c(c1)C(C)(C)c1ccccc1-2)c1cccc(F)c1,3.612783857,3.995635195,3.770852012,3.62324929,4.255272505,4.041392685
*/C(=C(\*)c1ccc2c(c1)C(C)(C)c1ccccc1-2)c1ccc(F)c(F)c1,3.698970004,4.041392685,3.819543936,3.707570176,4.414973348,4.079181246
*/C(=C(\*)c1ccc2c(c1)C(C)(C)c1ccccc1-2)c1cc(F)cc(F)c1,3.322219295,3.698970004,3.431363764,3.230448921,3.963787827,3.62324929
*/C(=C(\*)c1ccc2c(c1)C(C)(C)c1ccccc1-2)c1ccc(Br)cc1,3.531478917,3.939519253,3.698970004,3.544068044,4.230448921,3.968482949
*/C(=C(\*)c1ccc2c(c1)C(C)(C)c1ccccc1-2)c1ccc(C(C)(C)C)cc1,3.431363764,3.799340549,3.544068044,3.397940009,4.041392685,3.819543936
*/C(=C(\*)c1ccc2c(c1)C(C)(C)c1ccccc1-2)c1ccc([Si](C)(C)C)cc1,2.716003344,3.041392685,2.672097858,2.322219295,3.278753601,2.740362689
*/C(=C(\*)c1ccc2c(c1)C(C)(C)c1cc(Br)ccc1-2)c1ccccc1,3.176091259,3.568201724,3.301029996,3.041392685,3.903089987,3.477121255
*/C(=C(\*)c1ccc2c(c1)C(C)(C)c1cc([Si](C)(C)C)ccc1-2)c1ccccc1,3.531478917,3.929418926,3.73239376,3.531478917,4.255272505,4
*/C(=C(\*)c1ccc2c(c1)C1(CC1)c1ccccc1-2)c1ccccc1,2.77815125,3.146128036,2.819543936,2.602059991,3.505149978,2.908485019
*/C(=C(\*)c1ccc2c(c1)C1(CC1)c1ccccc1-2)c1ccc([Si](C)(C)C)cc1,2.924279286,3.278753601,3,2.73239376,3.612783857,3.176091259
*/C(=C(\*)c1ccc([Si](C)(C)CCCCCCCC)cc1)c1ccccc1,2.000051572,2.178474149,1.531478917,1.041392685,2.230448921,1.250493781
*/C(=C(\*)c1ccc([Si](C)(C)CCCCCCCC)cc1)c1ccc(C(C)C)cc1,2.005531674,2.224525067,1.462397998,0.959041392,2.079181246,1.150258255
*/C(=C(\*)c1ccc([Si](C)(C)CCCCCCCC)cc1)c1ccc(C(C)(C)C)cc1,2.038309808,2.223978836,1.414973348,0.875061263,2,1.094345942
*/C(=C(\*)c1ccc([Si](C)(C)CCCCCCCC)cc1)c1ccc(CCCC)cc1,2.028696809,2.22065613,1.397940009,0.897627091,2.041392685,1.121169752
*/C(=C(\*)c1ccccc1)c1ccccc1,3.02214515,3.377967321,3.079181246,2.86923172,3.62324929,3.18614049
*/C(=C(\*)c1ccc(C(C)C)cc1)c1ccccc1,2.604220062,2.895366848,2.477121255,2.176091259,3.041392685,2.511176148
*/C(=C(\*)c1ccc(C(C)(C)C)cc1)c1ccccc1,2.917985416,3.234659336,2.913813852,2.556302501,3.477121255,2.945944828
*/C(=C(\*)c1ccc(CCCC)cc1)c1ccccc1,2.035596822,2.216969113,1.568201724,1.041392685,2.204119983,1.233714233
*/C(=C(\*)c1ccc2c(c1)C(C)(C)CC2(C)C)c1ccccc1,4.049218023,4.394451681,4.158362492,4.064457989,4.587710965,4.463892989
*/C(=C(\*)c1ccc2c(c1)C(C)(C)C(C)(C)C2(C)C)c1ccccc1,4.004321374,4.365487985,4.096910013,4,4.545307116,4.383815366
*/C(=C(\*)c1ccc2c(c1)C(C)(C)CCC2(C)C)c1ccccc1,3.544068044,3.886490725,3.591064607,3.431363764,4.056904851,3.819543936
*/C(=C(\*)c1ccc2c(c1)C(C)(C)CC2(C)C)c1ccc(F)cc1,4.198657087,4.522444234,4.252853031,4.193124598,4.672097858,4.53529412
*/C(=C(\*)c1ccc2c(c1)C(C)(C)CC2(C)C)c1cccc(F)c1,4.10720997,4.431363764,4.155336037,4.079181246,4.546542663,4.444044796
*/C(=C(\*)c1ccc2c(c1)C(C)(C)CC2(C)C)c1ccc(F)c(F)c1,4.250420002,4.565847819,4.271841607,4.220108088,4.645422269,4.544068044
*/C(=C(\*)c1ccc2c(c1)C(C)(C)CC2(C)C)c1cc(F)cc(F)c1,4.136720567,4.45484486,4.181843588,4.117271296,4.557507202,4.463892989
*/C(=C(\*)c1ccc2c(c1)C(C)(C)CC2(C)C)c1ccc(Cl)cc1,3.968482949,4.31386722,4.068185862,3.963787827,4.546542663,4.356025857
*/C(=C(\*)c1ccc2c(c1)C(C)(C)CC2(C)C)c1ccc(Br)cc1,3.963787827,4.315970345,4.056904851,3.963787827,4.515873844,4.350248018
*/C(=C(\*)c1ccc2c(c1)C(C)(C)CC2(C)C)c1ccc(C)cc1,3.698970004,4.033423755,3.755874856,3.612783857,4.227886705,4.004321374
*/C(=C(\*)c1ccc2c(c1)C(C)(C)C(C)(C)C2(C)C)c1ccccc1,4.021189299,4.382017043,4.11058971,4.017033339,4.561101384,4.401400541
*/C(=C(\*)c1ccc2c(c1)CCC2)c1ccc([Si](C)(C)C)cc1,2.72427587,3.041392685,2.653212514,2.230448921,3.301029996,2.672097858
*/C(=C(\*)c1ccc2c(c1)CCC2)c1ccccc1,2.301029996,2.556302501,1.934498451,1.477121255,2.591064607,1.77815125
*/C(=C(\*)c1ccc([Si](C)(C)C)cc1)c1ccc(-c2ccc(C(C)(C)C)cc2)cc1,2.748188027,3.079181246,2.792391689,2.397940009,3.51851394,2.86332286
*/C(=C(\*)c1ccc(-c2ccc([Si](C)(C)C)cc2)cc1)c1ccccc1,2.568201724,2.908485019,2.591064607,2.204119983,3.342422681,2.653212514
*/C(=C(\*)c1ccc(C[Si](C)(C)C)cc1)c1ccccc1,2.380211242,2.62324929,2.146128036,1.643452676,2.806179974,2.079181246
*/C(=C(\*)c1ccc2c(c1)C1(CC1)c1ccccc1-2)c1ccc([Si](C)(C)C)cc1,2.924279286,3.278753601,3,2.73239376,3.612783857,3.176091259
*/C(=C(\*)c1ccc2c(c1)C(C)(C)c1ccccc1-2)c1ccc([Si](C)(C)C)cc1,2.681241237,2.991226076,2.643452676,2.278753601,3.278753601,2.698970004
*/C(=C(\*)c1ccc2c(c1)C(C)(C)c1cc([Si](C)(C)C)ccc1-2)c1ccccc1,3.531478917,3.929418926,3.73239376,3.531478917,4.255272505,4
*/C(=C(\*)c1ccc(-c2ccc(C(C)(C)C)cc2)cc1)c1ccccc1,2.414973348,2.763427994,2.414973348,1.977723605,3.204119983,2.414973348
*/C(=C(\*)c1ccc(-c2ccccc2)cc1)c1ccccc1,2.301029996,2.643452676,2.255272505,1.812913357,3.113943352,2.230448921
*/C(=C(\*)c1ccc2c(c1)C1(CC1)c1ccccc1-2)c1ccccc1,3.041392685,3.397940009,3.113943352,2.939519253,3.69019608,3.361727836
*/C(=C(\*)c1ccc2c(c1)C(C)(C)c1ccccc1-2)c1ccccc1,2.949390007,3.301029996,2.919078092,2.62324929,3.531478917,2.973127854
*/C(=C(\*)c1ccc2c(c1)C(C)(C)c1ccccc1-2)c1ccccc1,3.944482672,4.278753601,3.991226076,3.908485019,4.380211242,4.278753601
*/C(=C(\*)c1ccc(-c2ccc(C(C)(C)C)cc2)cc1)c1ccccc1,2.230448921,2.51851394,2.113943352,1.662757832,2.924279286,2.079181246
*/C(=C(\*)c1ccc2c(c1)C1(CC1)c1ccccc1-2)c1ccccc1,2.77815125,3.146128036,2.819543936,2.477121255,3.505149978,2.908485019
*/C(=C(\*)c1ccc2c(c1)C(C)(C)c1ccccc1-2)c1ccccc1,3.505149978,3.908485019,3.681241237,3.51851394,4.230448921,3.959041392
*/C(=C(\*)c1ccc(O[Si](C)(C)C(C)(C)C)cc1)c1ccc(F)cc1,2.146128036,2.361727836,2,1.662757832,2.770852012,2.041392685
*/C(=C(\*)c1ccc(O[Si](C)(C)C(C)(C)C)cc1)c1ccc(F)cc1,2.342422681,2.602059991,2.255272505,1.806179974,3.004321374,2.230448921
*C=C(*)c1cccc(O[Si](C)(C)C(C)(C)C)c1,1.681241237,1.806179974,1.230448921,0.880813592,1.763427994,1.079181246
*/C(=C(\*)c1ccc(C(C)(C)C)cc1)c1ccccc1,3.314674181,3.7095216,3.414973348,3.176091259,3.973127854,3.551445079
*/C(=C(\*)c1ccc([Si](C)(C)C)cc1)c1ccccc1,3.024670329,3.382907334,3.079181246,2.740362689,3.662757832,3.050247206
*/C(=C(\*)c1ccc(S(=O)(=O)O)cc1)c1ccc(C(C)(C)C)cc1,1.744000098,1.967859079,1.653212514,1.041392685,2.531478917,1.372179175
*/C(=C(\*)c1ccc(S(=O)(=O)O)cc1)c1ccc(S(=O)(=O)O)cc1,1.761345349,2.113761337,0.397940009,-0.552841969,1.322219295,-0.302965747
*Oc1c(C)cc(-c2cc(C)c(Oc3ccc(C(=O)c4ccc(*)c(S(=O)(=O)O)c4)cc3S(=O)(=O)O)c(C)c2)cc1C,1.036508798,1.211478547,0.554780633,-0.148741651,1.341236623,0.285557309
*Oc1c(C)cc(-c2cc(C)c(Oc3ccc(C(=O)c4ccc(*)c(S(=O)(=O)O)c4)cc3S(=O)(=O)O)c(C)c2)cc1C,1.175812162,1.255357222,0.318169195,-0.366531544,1.175801633,-0.055517328
*Oc1c(C)cc(-c2cc(C)c(Oc3ccc(C(=O)c4ccc(*)c(S(=O)(=O)O)c4)cc3S(=O)(=O)O)c(C)c2)cc1C,1.210398367,1.341398485,0.510871716,-0.193820026,1.341434525,0.120573931
*Oc1c(C)cc(-c2cc(C)c(Oc3ccc(C(=O)c4ccc(*)c(S(=O)(=O)O)c4)cc3S(=O)(=O)O)c(C)c2)cc1C,1.739930719,1.916957112,0.550479369,-0.337242168,1.307923704,0.029383778
*Oc1c(C)cc(-c2cc(C)c(Oc3ccc(C(=O)c4ccc(*)c(S(=O)(=O)O)c4)cc3S(=O)(=O)O)c(C)c2)cc1C,1.172272363,1.249522588,0.316283861,-0.387216143,1.163161375,-0.080921908
*Oc1c(C)cc(-c2cc(C)c(Oc3ccc(C(=O)c4ccc(*)c(S(=O)(=O)O)c4)cc3S(=O)(=O)O)c(C)c2)cc1C,1.49163746,1.613797773,0.571009672,-0.229147988,1.331629718,0.033423755
*CC(*)Cl,0.327652954,0.274157849,-1.15490196,-2,-0.602059991,-2.046788627
*CC(*)OC1CCCCC1,1.185727028,1.220059533,0.567026366,-0.004364805,1.133538908,-0.097215875
*CC(*)OC1CC2CCC1C2,1.284489984,1.421313915,0.550228353,-0.017728767,1.397940009,-0.028886875
*CC(*)OC1CC2CCC1C2,0.637347214,0.993819501,0.485721426,0.079181246,1.100370545,0.43990432
*CC(*)OC1C2CC3CC(C2)CC1C3,1.035337596,1.350876581,0.778874472,0.227886705,1.401400541,0.498163007
*CC(*)OCc1ccccc1,0.506273351,0.849115748,0.367355921,-0.102372909,1.045322979,0.359445855
*CC(*)OCC1CCCCC1,0.966259682,0.943326714,0.190331698,-0.397940009,0.770115295,-0.114003211
*CC(*)OCC1CC2CC1C1CCCC21,0.922455263,1.046135849,-0.091514981,-0.886056648,0.45484486,-1.037802016
*CC(*)OCC,0.204119983,-0.031517051,-1.619788758,-1.744727495,-0.814446627,-1.884972173
